"tiktok_handle","display_name","party_name","videos","views","likes","comments","shares","saves"
"alexvanopslagh","Alex Vanopslagh","Liberal Alliance","43","6109363","347021","4183","23900","17028"
"larsloekke_","Lars Løkke Rasmussen","Moderaterne","48","4515682","250230","2898","51924","12718"
"ingerstojberg","Inger Støjberg","Danmarksdemokraterne - Inger Støjberg","27","4498192","213285","3071","30446","10341"
"mrmesserschmidt","Morten Messerschmidt","Dansk Folkeparti","62","3901490","230642","4873","42192","16006"
"danskfolkeparti","Dansk Folkeparti","Dansk Folkeparti","31","2978100","193610","4282","28075","13747"
"sfpolitik","SF","SF - Socialistisk Folkeparti","82","2894707","148867","1939","8337","5067"
"denrigtigerosalund","Rosa Lund","Enhedslisten - De Rød-Grønne","23","2697300","179224","2398","13498","4810"
"pelledragsted","Pelle Dragsted","Enhedslisten - De Rød-Grønne","50","2691607","232787","5980","12780","14534"
"_enhedslisten","Enhedslisten","Enhedslisten - De Rød-Grønne","84","2461148","214539","3926","13330","10118"
"mette_insider_official","Mette Frederiksen","Socialdemokratiet","33","2333500","86004","1125","7882","4345"
"romeotroelsgaard","Romeo Troelsgaard","Dansk Folkeparti","151","2187946","115620","4799","15352","7794"
"liberalalliance_","Liberal Alliance","Liberal Alliance","15","2031000","131132","1295","16316","8605"
"radikaleeeforrohden","Thomas Rohden","Radikale Venstre","78","1895060","113669","2102","9950","4684"
"magnusgeorgjensen","Magnus Georg Jensen","Radikale Venstre","53","1818128","162914","3496","10785","11652"
"victoria__velasquez","Victoria Velásquez","Enhedslisten - De Rød-Grønne","12","1340472","105498","2081","5610","6186"
"sadekalamood","Sadek Al-Amood","SF - Socialistisk Folkeparti","61","1272766","64096","1996","6286","3562"
"madsstrange_","Mads Strange","Liberal Alliance","31","1238502","57930","859","3317","2983"
"socialdemokratiskungdom","DSU","Socialdemokratiet","57","1238484","53730","1394","5598","4023"
"venstredk","Venstre","Venstre","89","1190595","40370","1190","2833","2052"
"andersvistisen","Anders Vistisen","Dansk Folkeparti","69","1163867","71989","1928","19679","5907"
"hovedkontoret.radikale","Radikale Venstre (sekundær)","Radikale Venstre","44","958303","68911","737","8859","3711"
"moderaterne","Moderaterne","Moderaterne","13","795666","41421","537","2373","2892"
"louise_louring","Louise Louring","Venstre","52","795172","34124","406","2448","1880"
"cecilieldh","Cecilie Liv Hansen","Liberal Alliance","23","729129","14378","359","2385","708"
"malte.larsen0","Malte Larsen","Socialdemokratiet","50","711628","37631","1836","3852","2379"
"anastasia_milthers","Anastasia Milthers","Radikale Venstre","53","696907","38212","1421","2998","1932"
"frederik.vad","Frederik Vad","Socialdemokratiet","53","649527","19848","1600","3247","2143"
"rabihazadahmad","Rabih Azad-Ahmad","Radikale Venstre","26","635902","17054","619","4360","1526"
"enhedslistenkbh","Enhedslisten København","Enhedslisten - De Rød-Grønne","49","554469","31885","2064","2383","2128"
"mariageorgisloth","Maria Georgi Sloth","Radikale Venstre","32","500011","49575","922","2666","2822"
"lea.wermelin","Lea Wermelin","Socialdemokratiet","17","492868","28487","676","6541","4266"
"peterskaarup4real","Peter Skaarup","Danmarksdemokraterne - Inger Støjberg","20","474121","18893","219","1727","766"
"jakob.larsen.rv","Jakob Larsen","Radikale Venstre","18","472438","22774","379","1700","1122"
"alexanderryle","Alexander Ryle","Liberal Alliance","33","470045","20527","376","5052","1335"
"hediyedptemiz","Hediye Temiz","Radikale Venstre","29","445414","14899","374","1530","961"
"helenaartmann","Helena Artmann Andresen","Liberal Alliance","30","432069","16429","663","592","706"
"havndrup","Isabel Havndrup Aackmann","Radikale Venstre","44","408817","21301","812","802","908"
"larsholmqvist5","Lars Høyer Holmqvist","Liberal Alliance","16","382833","11985","116","1405","2884"
"christiankirk00","Christian Kirk","Dansk Folkeparti","20","369231","14150","420","4359","980"
"kronborg1982","Anders Kronborg","Socialdemokratiet","68","352167","10126","977","2501","728"
"samira.nawa","Samira Nawa","Radikale Venstre","28","344829","17821","881","1048","1315"
"martin.lidegaard","Martin Lidegaard","Radikale Venstre","18","338185","28797","233","1527","1410"
"dfungdom","DFU","Dansk Folkeparti","12","327772","11914","547","3287","893"
"andreasraben","Andreas Raben","Moderaterne","105","318449","12202","619","1170","727"
"madsmagnusdamm","Mads-Magnus Damm","Dansk Folkeparti","58","300243","17306","773","1775","980"
"mette.reissmann","Mette Reissmann","Socialdemokratiet","15","299740","6867","308","749","457"
"nicklasverne","Nicklas Verne","Det Konservative Folkeparti","35","287676","10303","454","1451","509"
"peter_hummelgaard","Peter Hummelgaard","Socialdemokratiet","29","281278","6501","818","595","648"
"carl.emil.lind.ch","Carl Emil Lind","Socialdemokratiet","17","275648","14349","438","2446","872"
"sofiemosgaard","Sofie Mosgaard","Venstre","31","273292","9288","277","1168","484"
"heunicke","Magnus Heunicke","Socialdemokratiet","12","266922","5509","176","694","286"
"lauraholm02","Laura Holm","Det Konservative Folkeparti","9","264389","8718","269","4142","661"
"madssebbelov1","Mads Sebbelov","Moderaterne","20","264141","10209","414","225","551"
"realallanfeldt","Allan Feldt","Dansk Folkeparti","36","246693","13284","459","4106","879"
"emillamoeller","Emilla Møller","Socialdemokratiet","16","245092","15411","367","2495","954"
"jankristoffersen","Jan Kristoffersen","Alternativet","29","243080","16518","575","1825","921"
"frederikhoumannth","Frederik Houmann Thuesen","Venstre","31","240624","8849","378","734","275"
"madsolsensf","Mads Olsen","SF - Socialistisk Folkeparti","30","238160","13434","472","841","668"
"iben__krog","Iben Krog","Venstre","20","220196","5410","127","1905","253"
"fatih.baran37","Fatih Baran","Enhedslisten - De Rød-Grønne","61","215486","16962","317","1248","638"
"sofielippert","Sofie Lippert","SF - Socialistisk Folkeparti","32","215179","6925","413","434","281"
"sinemdybvaddemirehl","Sinem Dybvad Demir","Enhedslisten - De Rød-Grønne","21","212497","5843","353","570","379"
"filippavittrup","Filippa Emilie Vittrup","Enhedslisten - De Rød-Grønne","12","209772","18258","1001","1087","880"
"linea.lidell","Linea Søgaard-Lidell","Venstre","16","207060","7740","147","936","372"
"thomasandresen_venstre","Thomas Andresen","Venstre","29","204839","7734","187","675","405"
"amandaheitmann","Amanda Heitmann","Venstre","31","200438","6211","399","275","335"
"idaauken","Ida Auken","Socialdemokratiet","32","200144","4410","320","337","289"
"thomasdanielsendk","Thomas Danielsen","Venstre","8","199066","8835","271","1215","1919"
"larsbojemathiesen","Lars Boje Mathiesen","Borgernes Parti - Lars Boje Mathiesen","12","187114","8189","410","766","508"
"modstroemmen","Modstrømmen","Ingen partitilknytning","7","179711","9258","356","1215","753"
"carstenbedsted","Carsten Bedsted","Radikale Venstre","33","178441","9906","277","633","508"
"tinacartey","Tina Cartey Hansen","Det Konservative Folkeparti","14","175248","3830","120","699","279"
"frederik_lau_petersen","Frederik Lau Petersen","Moderaterne","20","174933","7442","208","416","213"
"venstresungdom","Venstres Ungdom","Venstre","85","170301","6501","412","716","210"
"radikaleruben","Ruben Kidde","Radikale Venstre","22","166613","3940","462","117","151"
"kaare_dybvad","Kaare Dybvad Bek","Socialdemokratiet","16","158455","3161","533","370","345"
"qasam_nazir_ahmad","Qasam Nazir Ahmad","Alternativet","59","153471","9029","788","746","666"
"nick.zimmermann.df","Nick Zimmermann","Dansk Folkeparti","5","152523","6785","94","865","464"
"deniserostgaard","Denise Rostgaard","Dansk Folkeparti","18","148487","6654","404","866","346"
"sorenjensenla","Søren Jensen","Liberal Alliance","32","148271","3912","194","160","156"
"nikolineerbs","Nikoline Erbs Hillers-Bendtsen","Alternativet","60","147674","5492","385","370","253"
"mathiassikora","Mathias Sikora","Radikale Venstre","28","147290","8046","447","1113","729"
"mikkelbjorn","Mikkel Bjørn","Dansk Folkeparti","8","138308","8896","338","1247","827"
"carina.til.folketinget","Carina Høedt","Det Konservative Folkeparti","28","137678","2567","259","251","99"
"mikkelwj2","Mikkel Westh Jepsen","Radikale Venstre","25","136823","12532","354","945","1075"
"ayhankilic_moderaterne","Ayhan Kilic","Moderaterne","27","133706","2136","119","228","143"
"rgu_kbh","RGU København","Enhedslisten - De Rød-Grønne","16","128108","10261","393","500","242"
"thomas.skriver","Thomas Skriver Jensen","Socialdemokratiet","15","126152","3718","393","351","263"
"nadjaisaksen","Nadja Natalie Isaksen","Borgernes Parti - Lars Boje Mathiesen","6","123626","6225","458","602","434"
"miatang.dk","Mia Tang","Det Konservative Folkeparti","13","121653","4183","289","331","282"
"katrinedaugaard26","Katrine Daugaard","Liberal Alliance","28","119568","5274","164","367","209"
"ddungdom","DDU","Danmarksdemokraterne - Inger Støjberg","22","114224","4009","208","326","274"
"emilie.schytte.bp","Emilie Schytte","Borgernes Parti - Lars Boje Mathiesen","16","113396","3691","430","547","315"
"sofiewlholm","Sofie Holm","Radikale Venstre","30","113092","3904","225","135","196"
"zishan.ali2101","Zishan Ali","Moderaterne","28","110532","3762","289","835","341"
"dfnyheder","DFNyheder","Dansk Folkeparti","4","108400","4403","131","431","270"
"kaostvdanmark","KaosTV Danmark","Ingen partitilknytning","16","102315","2787","198","417","260"
"esatsenturkrv","Esat Senturk","Radikale Venstre","25","99002","2211","166","556","162"
"sofie_f_villadsen","Sofie F. Villadsen","SF - Socialistisk Folkeparti","17","94959","4181","304","187","189"
"johanemildk","Johan Emil Sevelsted","Det Konservative Folkeparti","23","94855","2312","133","216","161"
"larschristianbrask","Lars-Christian Brask","Liberal Alliance","31","94057","2620","123","175","119"
"stem_tobiasjorgensen","Tobias Jørgensen","Venstre","26","90094","1360","58","104","59"
"martinrahnjohansendd","Martin Rahn Johansen","Danmarksdemokraterne - Inger Støjberg","37","89012","4094","149","533","346"
"helena_hedegaard_","Helena Hedegaard Udsen","Enhedslisten - De Rød-Grønne","26","88300","3597","348","160","232"
"jarlfeyling","Jarl Feyling","Socialdemokratiet","7","87514","967","151","82","44"
"kimleijensen_rv","Kim Lei-Jensen","Radikale Venstre","51","86279","2989","331","159","284"
"torsten.gejl","Torsten Gejl","Alternativet","10","86234","2667","45","145","104"
"kashifahmaddk","Kashif Ahmad","Radikale Venstre","25","84300","3561","140","463","228"
"hjal8","Helene Lykke","Liberal Alliance","15","83521","2219","57","241","90"
"susannedamsgaarddd","Susanne Damsgaard","Danmarksdemokraterne - Inger Støjberg","12","79334","3894","47","220","245"
"mikkel4prez","Mikkel Sammy Christensen","SF - Socialistisk Folkeparti","25","78891","3579","185","244","241"
"jacob.harris.borg","Jacob Harris","Borgernes Parti - Lars Boje Mathiesen","8","77050","4627","183","590","439"
"bjornbrandenborg","Bjørn Brandenborg","Socialdemokratiet","34","74409","1970","90","238","114"
"thomas_anker","Thomas Anker","Alternativet","75","73243","1116","156","312","30"
"carlandersen27","Carl Andersen","Liberal Alliance","37","71460","2315","305","62","100"
"coco.esperas","Coco Mette Cecilie Kjærgaard","Alternativet","48","70936","756","47","168","64"
"annesophierv","Anne Sophie Callesen","Radikale Venstre","15","68806","3749","76","488","220"
"morten.dahlin","Morten Dahlin","Venstre","18","68051","3166","106","495","217"
"rikkeolssen","Rikke Olssen","Liberal Alliance","75","66713","539","47","97","19"
"emilslothandersen","Emil Sloth","Alternativet","32","64419","1267","159","35","45"
"maltejagerfyn","Malte Jäger","Liberal Alliance","37","64113","1967","100","136","82"
"mariadurhuus1","Maria Durhuus","Socialdemokratiet","21","59427","1370","209","153","87"
"rasmusvestergaardmadsen","Rasmus Vestergaard Madsen","Enhedslisten - De Rød-Grønne","8","56227","3732","107","206","157"
"dinamyrupraabjerg","Dina Andersen-Raabjerg","Det Konservative Folkeparti","14","55483","1545","334","209","203"
"mortenhogh_venstre","Morten Høgh","Venstre","2","54852","1308","34","20","43"
"trine.mach","Trine Mach","Enhedslisten - De Rød-Grønne","12","53910","3603","344","162","211"
"jensmeilvang165","Jens Meilvang","Liberal Alliance","16","53614","2174","107","154","131"
"tobiasweische","Tobias Weische","Dansk Folkeparti","10","49562","2199","403","340","173"
"atomkraftjatak","Atomkraft Ja Tak","Ingen partitilknytning","5","48105","1365","84","69","59"
"katrineevelynjens","Katrine Evelyn Jensen","Socialdemokratiet","14","47621","1099","39","67","61"
"kim.larsen183","Kim Larsen","Enhedslisten - De Rød-Grønne","16","47517","1275","77","389","58"
"sorenhomann","Søren Homann","Det Konservative Folkeparti","23","46737","1131","76","95","39"
"milo_gaarde","Milo Gaarde","SF - Socialistisk Folkeparti","8","46415","2955","42","252","138"
"josefinepaaske3","Josefine Paaske","Venstre","13","44488","1272","55","134","53"
"linerasmussen","Line Rasmussen","Radikale Venstre","25","43671","857","86","49","71"
"olebirkolesen","Ole Birk Olesen","Liberal Alliance","5","40087","1663","35","163","72"
"enhedslisten.midt","Enhedslisten Midtjylland","Enhedslisten - De Rød-Grønne","29","39151","2539","132","60","192"
"kimandkjaerdoberck","Kim Andkjær Doberck","Dansk Folkeparti","14","37613","1253","59","267","74"
"ibrahimbenli4","Ibrahim Benli","Enhedslisten - De Rød-Grønne","7","37285","1623","81","163","84"
"konservativungdom","Konservativ Ungdom","Det Konservative Folkeparti","9","36763","1289","69","90","78"
"kikibach0","Kiki Bille Bach","Socialdemokratiet","11","35650","446","10","111","20"
"liberalungdom","Liberal Alliances Ungdom","Liberal Alliance","18","35516","1606","60","113","54"
"tobias.b.mikkelsen","Tobias Brus Mikkelsen","Dansk Folkeparti","17","34462","382","15","31","48"
"mikael_winther","Mikael Winther","Alternativet","44","34234","542","81","35","23"
"lone.hansen0","Lone Hansen","Moderaterne","105","34220","528","64","35","18"
"jesperbierbaumvenstre","Jesper Bierbaum","Venstre","29","33370","613","40","38","38"
"saschafaxe1","Sascha Faxe","Alternativet","17","33084","1229","70","32","55"
"mohammad_rona","Mohammad Rona","Moderaterne","15","31473","821","50","85","69"
"saratvillingla","Sara Tvilling","Liberal Alliance","20","31009","548","26","31","27"
"politikkersimonkollerup","Simon Kollerup","Socialdemokratiet","10","30073","832","13","120","35"
"caarolinacamaraa","Carolina Cámara","Enhedslisten - De Rød-Grønne","16","27899","1964","165","102","67"
"phillipsperling1","Phillip Sperling","Venstre","12","27315","658","145","72","44"
"thomasmajgaardbyr","Thomas Majgaard Byrsing","Danmarksdemokraterne - Inger Støjberg","19","24760","479","53","15","32"
"mathildee.vintherr","Mathilde Vinther","Enhedslisten - De Rød-Grønne","12","23996","1196","51","56","60"
"radikalungdom","Radikal Ungdom","Radikale Venstre","15","22494","1052","65","26","45"
"thomasskovgaard44","Thomas Skovgaard","Moderaterne","24","20859","397","48","8","25"
"liberalbulldozer","Steffen Larsen","Liberal Alliance","5","20639","1213","45","31","59"
"ellenemilie_","Ellen Emilie","Moderaterne","27","20205","785","11","86","78"
"magnusvondreiager","Magnus Von Dreiager","Det Konservative Folkeparti","8","19979","419","11","103","16"
"michael.valbjrn","Michael Valbjørn","Liberal Alliance","16","18400","417","4","49","31"
"anderspeterhansenla","Anders Peter Hansen","Liberal Alliance","23","16711","621","53","27","22"
"zeynepbardakci7","Zeynep Bardakci","Venstre","4","16117","159","12","61","24"
"rasmuslundnielsen_","Rasmus Lund-Nielsen","Moderaterne","8","16040","621","8","12","31"
"sandagern","Nicolai Sandager","Liberal Alliance","7","15469","420","25","23","20"
"rgu.aarhus","RGU Aarhus","Enhedslisten - De Rød-Grønne","7","15307","1049","77","85","65"
"venstre_odense","Venstre Odense","Venstre","4","15199","236","20","26","14"
"frederikklakk","Frederik Klakk","Liberal Alliance","11","14447","300","20","25","7"
"socialdemokrat_horsholm_","Socialdemokratiet Hørsholm","Socialdemokratiet","19","13197","254","26","59","14"
"jeannebergmansensf","Jeanne Bergmansen","SF - Socialistisk Folkeparti","11","10395","277","27","11","7"
"brill1977","John Brill Engkebølle","Danmarksdemokraterne - Inger Støjberg","14","10293","151","10","37","16"
"reza_javid","Reza Javid","Enhedslisten - De Rød-Grønne","3","9441","153","23","9","7"
"malenesandfeld","Malene Sandfeld","Venstre","2","9169","196","8","179","10"
"steffen.friis","Steffen Friis","Liberal Alliance","12","8828","207","17","17","14"
"pil_christensen","Pil Christensen","Enhedslisten - De Rød-Grønne","8","8115","427","20","11","14"
"venstre.marcusdanielsson","Marcus Danielsson","Venstre","18","8000","143","9","16","4"
"kimgaarsdahl","Kim Gaarsdahl","Liberal Alliance","8","7569","156","2","4","14"
"leila.stockmarr","Leila Stockmarr","Enhedslisten - De Rød-Grønne","4","6963","405","12","31","37"
"zenia.stampe","Zenia Stampe","Radikale Venstre","1","6917","376","12","40","20"
"edith_vels","Edith Vels","Enhedslisten - De Rød-Grønne","6","6367","317","27","2","22"
"michael.raskliber","Michael Rask","Liberal Alliance","8","5514","132","7","16","2"
"brownlouise","Louise Brown","Liberal Alliance","3","5397","161","29","8","11"
"df.danmark","DF Danmark","Dansk Folkeparti","16","5308","358","23","8","14"
"kammitz3","Katarina Ammitzbøll","Venstre","8","5153","76","3","5","8"
"simonmeyeroff","Simon Meyer Off","SF - Socialistisk Folkeparti","16","5089","110","10","5","2"
"leneburchardt","Lene Burchardt","Det Konservative Folkeparti","5","3725","43","0","27","4"
"razfreedom","Rashid Ali","Uden for partierne","5","3555","64","0","2","2"
"morten.hell.moder","Morten Hell","Moderaterne","8","3518","144","6","12","8"
"runebonnelykke","Rune Bønnelykke","Dansk Folkeparti","4","3349","74","4","12","2"
"john.erik.wagner1","John Erik Wagner","Uden for partierne","8","3188","90","5","15","8"
"dsu_snderborg","DSU Sønderborg","Socialdemokratiet","3","2955","90","1","3","3"
"hollymarieturner","Holly Marie Turner","Enhedslisten - De Rød-Grønne","9","2238","192","9","1","3"
"barbarakrarup","Barbara Krarup Hansen","Radikale Venstre","2","1369","7","2","1","0"
"svends047","Svend Stein Olsen","Liberal Alliance","1","504","27","2","5","1"
"anette.jensen.smi","Anette Jensen Smith","Alternativet","1","375","5","0","0","0"
"stemstokholm","Kristian Stokholm","Radikale Venstre","1","298","1","0","0","1"
