"municipality","municipality_code","variable","year","value"
"Københavns Kommune","101","Andel 18+-årige","2026",
"Københavns Kommune","101","Andel 18-66-årige","2026",
"Københavns Kommune","101","Andel 25-64-årige","2026",
"Københavns Kommune","101","Andel 25-64-årige med videregående uddannelse","2026",
"Københavns Kommune","101","Andel 25-64-årige uden erhvervsuddannelse","2026",
"Københavns Kommune","101","Andel almennyttige boliger","2026",
"Københavns Kommune","101","Andel ejerboliger","2026",
"Københavns Kommune","101","Andel indpendlere","2026",
"Københavns Kommune","101","Andel udpendlere","2026",
"Københavns Kommune","101","Befolkningsandel i bymæssig bebyggelse","2026",
"Københavns Kommune","101","Befolkningstæthed (indb/km2)","2026",
"Københavns Kommune","101","Fuldtidsledige pr. 100 17-64/66-årige","2026",
"Københavns Kommune","101","Indbyggertal 1. januar","2026",
"Københavns Kommune","101","Socioøkonomisk indeks","2026","1.02"
"Københavns Kommune","101","Statsgar. udskrivningsgrundlag pr. indb. (fra 2007)","2026",
"Frederiksberg Kommune","147","Andel 18+-årige","2026",
"Frederiksberg Kommune","147","Andel 18-66-årige","2026",
"Frederiksberg Kommune","147","Andel 25-64-årige","2026",
"Frederiksberg Kommune","147","Andel 25-64-årige med videregående uddannelse","2026",
"Frederiksberg Kommune","147","Andel 25-64-årige uden erhvervsuddannelse","2026",
"Frederiksberg Kommune","147","Andel almennyttige boliger","2026",
"Frederiksberg Kommune","147","Andel ejerboliger","2026",
"Frederiksberg Kommune","147","Andel indpendlere","2026",
"Frederiksberg Kommune","147","Andel udpendlere","2026",
"Frederiksberg Kommune","147","Befolkningsandel i bymæssig bebyggelse","2026",
"Frederiksberg Kommune","147","Befolkningstæthed (indb/km2)","2026",
"Frederiksberg Kommune","147","Fuldtidsledige pr. 100 17-64/66-årige","2026",
"Frederiksberg Kommune","147","Indbyggertal 1. januar","2026",
"Frederiksberg Kommune","147","Socioøkonomisk indeks","2026","0.72"
"Frederiksberg Kommune","147","Statsgar. udskrivningsgrundlag pr. indb. (fra 2007)","2026",
"Ballerup Kommune","151","Andel 18+-årige","2026",
"Ballerup Kommune","151","Andel 18-66-årige","2026",
"Ballerup Kommune","151","Andel 25-64-årige","2026",
"Ballerup Kommune","151","Andel 25-64-årige med videregående uddannelse","2026",
"Ballerup Kommune","151","Andel 25-64-årige uden erhvervsuddannelse","2026",
"Ballerup Kommune","151","Andel almennyttige boliger","2026",
"Ballerup Kommune","151","Andel ejerboliger","2026",
"Ballerup Kommune","151","Andel indpendlere","2026",
"Ballerup Kommune","151","Andel udpendlere","2026",
"Ballerup Kommune","151","Befolkningsandel i bymæssig bebyggelse","2026",
"Ballerup Kommune","151","Befolkningstæthed (indb/km2)","2026",
"Ballerup Kommune","151","Fuldtidsledige pr. 100 17-64/66-årige","2026",
"Ballerup Kommune","151","Indbyggertal 1. januar","2026",
"Ballerup Kommune","151","Socioøkonomisk indeks","2026","1.24"
"Ballerup Kommune","151","Statsgar. udskrivningsgrundlag pr. indb. (fra 2007)","2026",
"Brøndby Kommune","153","Andel 18+-årige","2026",
"Brøndby Kommune","153","Andel 18-66-årige","2026",
"Brøndby Kommune","153","Andel 25-64-årige","2026",
"Brøndby Kommune","153","Andel 25-64-årige med videregående uddannelse","2026",
"Brøndby Kommune","153","Andel 25-64-årige uden erhvervsuddannelse","2026",
"Brøndby Kommune","153","Andel almennyttige boliger","2026",
"Brøndby Kommune","153","Andel ejerboliger","2026",
"Brøndby Kommune","153","Andel indpendlere","2026",
"Brøndby Kommune","153","Andel udpendlere","2026",
"Brøndby Kommune","153","Befolkningsandel i bymæssig bebyggelse","2026",
"Brøndby Kommune","153","Befolkningstæthed (indb/km2)","2026",
"Brøndby Kommune","153","Fuldtidsledige pr. 100 17-64/66-årige","2026",
"Brøndby Kommune","153","Indbyggertal 1. januar","2026",
"Brøndby Kommune","153","Socioøkonomisk indeks","2026","1.59"
"Brøndby Kommune","153","Statsgar. udskrivningsgrundlag pr. indb. (fra 2007)","2026",
"Dragør Kommune","155","Andel 18+-årige","2026",
"Dragør Kommune","155","Andel 18-66-årige","2026",
"Dragør Kommune","155","Andel 25-64-årige","2026",
"Dragør Kommune","155","Andel 25-64-årige med videregående uddannelse","2026",
"Dragør Kommune","155","Andel 25-64-årige uden erhvervsuddannelse","2026",
"Dragør Kommune","155","Andel almennyttige boliger","2026",
"Dragør Kommune","155","Andel ejerboliger","2026",
"Dragør Kommune","155","Andel indpendlere","2026",
"Dragør Kommune","155","Andel udpendlere","2026",
"Dragør Kommune","155","Befolkningsandel i bymæssig bebyggelse","2026",
"Dragør Kommune","155","Befolkningstæthed (indb/km2)","2026",
"Dragør Kommune","155","Fuldtidsledige pr. 100 17-64/66-årige","2026",
"Dragør Kommune","155","Indbyggertal 1. januar","2026",
"Dragør Kommune","155","Socioøkonomisk indeks","2026","0.63"
"Dragør Kommune","155","Statsgar. udskrivningsgrundlag pr. indb. (fra 2007)","2026",
"Gentofte Kommune","157","Andel 18+-årige","2026",
"Gentofte Kommune","157","Andel 18-66-årige","2026",
"Gentofte Kommune","157","Andel 25-64-årige","2026",
"Gentofte Kommune","157","Andel 25-64-årige med videregående uddannelse","2026",
"Gentofte Kommune","157","Andel 25-64-årige uden erhvervsuddannelse","2026",
"Gentofte Kommune","157","Andel almennyttige boliger","2026",
"Gentofte Kommune","157","Andel ejerboliger","2026",
"Gentofte Kommune","157","Andel indpendlere","2026",
"Gentofte Kommune","157","Andel udpendlere","2026",
"Gentofte Kommune","157","Befolkningsandel i bymæssig bebyggelse","2026",
"Gentofte Kommune","157","Befolkningstæthed (indb/km2)","2026",
"Gentofte Kommune","157","Fuldtidsledige pr. 100 17-64/66-årige","2026",
"Gentofte Kommune","157","Indbyggertal 1. januar","2026",
"Gentofte Kommune","157","Socioøkonomisk indeks","2026","0.64"
"Gentofte Kommune","157","Statsgar. udskrivningsgrundlag pr. indb. (fra 2007)","2026",
"Gladsaxe Kommune","159","Andel 18+-årige","2026",
"Gladsaxe Kommune","159","Andel 18-66-årige","2026",
"Gladsaxe Kommune","159","Andel 25-64-årige","2026",
"Gladsaxe Kommune","159","Andel 25-64-årige med videregående uddannelse","2026",
"Gladsaxe Kommune","159","Andel 25-64-årige uden erhvervsuddannelse","2026",
"Gladsaxe Kommune","159","Andel almennyttige boliger","2026",
"Gladsaxe Kommune","159","Andel ejerboliger","2026",
"Gladsaxe Kommune","159","Andel indpendlere","2026",
"Gladsaxe Kommune","159","Andel udpendlere","2026",
"Gladsaxe Kommune","159","Befolkningsandel i bymæssig bebyggelse","2026",
"Gladsaxe Kommune","159","Befolkningstæthed (indb/km2)","2026",
"Gladsaxe Kommune","159","Fuldtidsledige pr. 100 17-64/66-årige","2026",
"Gladsaxe Kommune","159","Indbyggertal 1. januar","2026",
"Gladsaxe Kommune","159","Socioøkonomisk indeks","2026","1.05"
"Gladsaxe Kommune","159","Statsgar. udskrivningsgrundlag pr. indb. (fra 2007)","2026",
"Glostrup Kommune","161","Andel 18+-årige","2026",
"Glostrup Kommune","161","Andel 18-66-årige","2026",
"Glostrup Kommune","161","Andel 25-64-årige","2026",
"Glostrup Kommune","161","Andel 25-64-årige med videregående uddannelse","2026",
"Glostrup Kommune","161","Andel 25-64-årige uden erhvervsuddannelse","2026",
"Glostrup Kommune","161","Andel almennyttige boliger","2026",
"Glostrup Kommune","161","Andel ejerboliger","2026",
"Glostrup Kommune","161","Andel indpendlere","2026",
"Glostrup Kommune","161","Andel udpendlere","2026",
"Glostrup Kommune","161","Befolkningsandel i bymæssig bebyggelse","2026",
"Glostrup Kommune","161","Befolkningstæthed (indb/km2)","2026",
"Glostrup Kommune","161","Fuldtidsledige pr. 100 17-64/66-årige","2026",
"Glostrup Kommune","161","Indbyggertal 1. januar","2026",
"Glostrup Kommune","161","Socioøkonomisk indeks","2026","1.19"
"Glostrup Kommune","161","Statsgar. udskrivningsgrundlag pr. indb. (fra 2007)","2026",
"Herlev Kommune","163","Andel 18+-årige","2026",
"Herlev Kommune","163","Andel 18-66-årige","2026",
"Herlev Kommune","163","Andel 25-64-årige","2026",
"Herlev Kommune","163","Andel 25-64-årige med videregående uddannelse","2026",
"Herlev Kommune","163","Andel 25-64-årige uden erhvervsuddannelse","2026",
"Herlev Kommune","163","Andel almennyttige boliger","2026",
"Herlev Kommune","163","Andel ejerboliger","2026",
"Herlev Kommune","163","Andel indpendlere","2026",
"Herlev Kommune","163","Andel udpendlere","2026",
"Herlev Kommune","163","Befolkningsandel i bymæssig bebyggelse","2026",
"Herlev Kommune","163","Befolkningstæthed (indb/km2)","2026",
"Herlev Kommune","163","Fuldtidsledige pr. 100 17-64/66-årige","2026",
"Herlev Kommune","163","Indbyggertal 1. januar","2026",
"Herlev Kommune","163","Socioøkonomisk indeks","2026","1.22"
"Herlev Kommune","163","Statsgar. udskrivningsgrundlag pr. indb. (fra 2007)","2026",
"Albertslund Kommune","165","Andel 18+-årige","2026",
"Albertslund Kommune","165","Andel 18-66-årige","2026",
"Albertslund Kommune","165","Andel 25-64-årige","2026",
"Albertslund Kommune","165","Andel 25-64-årige med videregående uddannelse","2026",
"Albertslund Kommune","165","Andel 25-64-årige uden erhvervsuddannelse","2026",
"Albertslund Kommune","165","Andel almennyttige boliger","2026",
"Albertslund Kommune","165","Andel ejerboliger","2026",
"Albertslund Kommune","165","Andel indpendlere","2026",
"Albertslund Kommune","165","Andel udpendlere","2026",
"Albertslund Kommune","165","Befolkningsandel i bymæssig bebyggelse","2026",
"Albertslund Kommune","165","Befolkningstæthed (indb/km2)","2026",
"Albertslund Kommune","165","Fuldtidsledige pr. 100 17-64/66-årige","2026",
"Albertslund Kommune","165","Indbyggertal 1. januar","2026",
"Albertslund Kommune","165","Socioøkonomisk indeks","2026","1.5"
"Albertslund Kommune","165","Statsgar. udskrivningsgrundlag pr. indb. (fra 2007)","2026",
"Hvidovre Kommune","167","Andel 18+-årige","2026",
"Hvidovre Kommune","167","Andel 18-66-årige","2026",
"Hvidovre Kommune","167","Andel 25-64-årige","2026",
"Hvidovre Kommune","167","Andel 25-64-årige med videregående uddannelse","2026",
"Hvidovre Kommune","167","Andel 25-64-årige uden erhvervsuddannelse","2026",
"Hvidovre Kommune","167","Andel almennyttige boliger","2026",
"Hvidovre Kommune","167","Andel ejerboliger","2026",
"Hvidovre Kommune","167","Andel indpendlere","2026",
"Hvidovre Kommune","167","Andel udpendlere","2026",
"Hvidovre Kommune","167","Befolkningsandel i bymæssig bebyggelse","2026",
"Hvidovre Kommune","167","Befolkningstæthed (indb/km2)","2026",
"Hvidovre Kommune","167","Fuldtidsledige pr. 100 17-64/66-årige","2026",
"Hvidovre Kommune","167","Indbyggertal 1. januar","2026",
"Hvidovre Kommune","167","Socioøkonomisk indeks","2026","1.17"
"Hvidovre Kommune","167","Statsgar. udskrivningsgrundlag pr. indb. (fra 2007)","2026",
"Høje-Taastrup Kommune","169","Andel 18+-årige","2026",
"Høje-Taastrup Kommune","169","Andel 18-66-årige","2026",
"Høje-Taastrup Kommune","169","Andel 25-64-årige","2026",
"Høje-Taastrup Kommune","169","Andel 25-64-årige med videregående uddannelse","2026",
"Høje-Taastrup Kommune","169","Andel 25-64-årige uden erhvervsuddannelse","2026",
"Høje-Taastrup Kommune","169","Andel almennyttige boliger","2026",
"Høje-Taastrup Kommune","169","Andel ejerboliger","2026",
"Høje-Taastrup Kommune","169","Andel indpendlere","2026",
"Høje-Taastrup Kommune","169","Andel udpendlere","2026",
"Høje-Taastrup Kommune","169","Befolkningsandel i bymæssig bebyggelse","2026",
"Høje-Taastrup Kommune","169","Befolkningstæthed (indb/km2)","2026",
"Høje-Taastrup Kommune","169","Fuldtidsledige pr. 100 17-64/66-årige","2026",
"Høje-Taastrup Kommune","169","Indbyggertal 1. januar","2026",
"Høje-Taastrup Kommune","169","Socioøkonomisk indeks","2026","1.19"
"Høje-Taastrup Kommune","169","Statsgar. udskrivningsgrundlag pr. indb. (fra 2007)","2026",
"Lyngby-Taarbæk Kommune","173","Andel 18+-årige","2026",
"Lyngby-Taarbæk Kommune","173","Andel 18-66-årige","2026",
"Lyngby-Taarbæk Kommune","173","Andel 25-64-årige","2026",
"Lyngby-Taarbæk Kommune","173","Andel 25-64-årige med videregående uddannelse","2026",
"Lyngby-Taarbæk Kommune","173","Andel 25-64-årige uden erhvervsuddannelse","2026",
"Lyngby-Taarbæk Kommune","173","Andel almennyttige boliger","2026",
"Lyngby-Taarbæk Kommune","173","Andel ejerboliger","2026",
"Lyngby-Taarbæk Kommune","173","Andel indpendlere","2026",
"Lyngby-Taarbæk Kommune","173","Andel udpendlere","2026",
"Lyngby-Taarbæk Kommune","173","Befolkningsandel i bymæssig bebyggelse","2026",
"Lyngby-Taarbæk Kommune","173","Befolkningstæthed (indb/km2)","2026",
"Lyngby-Taarbæk Kommune","173","Fuldtidsledige pr. 100 17-64/66-årige","2026",
"Lyngby-Taarbæk Kommune","173","Indbyggertal 1. januar","2026",
"Lyngby-Taarbæk Kommune","173","Socioøkonomisk indeks","2026","0.71"
"Lyngby-Taarbæk Kommune","173","Statsgar. udskrivningsgrundlag pr. indb. (fra 2007)","2026",
"Rødovre Kommune","175","Andel 18+-årige","2026",
"Rødovre Kommune","175","Andel 18-66-årige","2026",
"Rødovre Kommune","175","Andel 25-64-årige","2026",
"Rødovre Kommune","175","Andel 25-64-årige med videregående uddannelse","2026",
"Rødovre Kommune","175","Andel 25-64-årige uden erhvervsuddannelse","2026",
"Rødovre Kommune","175","Andel almennyttige boliger","2026",
"Rødovre Kommune","175","Andel ejerboliger","2026",
"Rødovre Kommune","175","Andel indpendlere","2026",
"Rødovre Kommune","175","Andel udpendlere","2026",
"Rødovre Kommune","175","Befolkningsandel i bymæssig bebyggelse","2026",
"Rødovre Kommune","175","Befolkningstæthed (indb/km2)","2026",
"Rødovre Kommune","175","Fuldtidsledige pr. 100 17-64/66-årige","2026",
"Rødovre Kommune","175","Indbyggertal 1. januar","2026",
"Rødovre Kommune","175","Socioøkonomisk indeks","2026","1.21"
"Rødovre Kommune","175","Statsgar. udskrivningsgrundlag pr. indb. (fra 2007)","2026",
"Ishøj Kommune","183","Andel 18+-årige","2026",
"Ishøj Kommune","183","Andel 18-66-årige","2026",
"Ishøj Kommune","183","Andel 25-64-årige","2026",
"Ishøj Kommune","183","Andel 25-64-årige med videregående uddannelse","2026",
"Ishøj Kommune","183","Andel 25-64-årige uden erhvervsuddannelse","2026",
"Ishøj Kommune","183","Andel almennyttige boliger","2026",
"Ishøj Kommune","183","Andel ejerboliger","2026",
"Ishøj Kommune","183","Andel indpendlere","2026",
"Ishøj Kommune","183","Andel udpendlere","2026",
"Ishøj Kommune","183","Befolkningsandel i bymæssig bebyggelse","2026",
"Ishøj Kommune","183","Befolkningstæthed (indb/km2)","2026",
"Ishøj Kommune","183","Fuldtidsledige pr. 100 17-64/66-årige","2026",
"Ishøj Kommune","183","Indbyggertal 1. januar","2026",
"Ishøj Kommune","183","Socioøkonomisk indeks","2026","1.61"
"Ishøj Kommune","183","Statsgar. udskrivningsgrundlag pr. indb. (fra 2007)","2026",
"Tårnby Kommune","185","Andel 18+-årige","2026",
"Tårnby Kommune","185","Andel 18-66-årige","2026",
"Tårnby Kommune","185","Andel 25-64-årige","2026",
"Tårnby Kommune","185","Andel 25-64-årige med videregående uddannelse","2026",
"Tårnby Kommune","185","Andel 25-64-årige uden erhvervsuddannelse","2026",
"Tårnby Kommune","185","Andel almennyttige boliger","2026",
"Tårnby Kommune","185","Andel ejerboliger","2026",
"Tårnby Kommune","185","Andel indpendlere","2026",
"Tårnby Kommune","185","Andel udpendlere","2026",
"Tårnby Kommune","185","Befolkningsandel i bymæssig bebyggelse","2026",
"Tårnby Kommune","185","Befolkningstæthed (indb/km2)","2026",
"Tårnby Kommune","185","Fuldtidsledige pr. 100 17-64/66-årige","2026",
"Tårnby Kommune","185","Indbyggertal 1. januar","2026",
"Tårnby Kommune","185","Socioøkonomisk indeks","2026","1.06"
"Tårnby Kommune","185","Statsgar. udskrivningsgrundlag pr. indb. (fra 2007)","2026",
"Vallensbæk Kommune","187","Andel 18+-årige","2026",
"Vallensbæk Kommune","187","Andel 18-66-årige","2026",
"Vallensbæk Kommune","187","Andel 25-64-årige","2026",
"Vallensbæk Kommune","187","Andel 25-64-årige med videregående uddannelse","2026",
"Vallensbæk Kommune","187","Andel 25-64-årige uden erhvervsuddannelse","2026",
"Vallensbæk Kommune","187","Andel almennyttige boliger","2026",
"Vallensbæk Kommune","187","Andel ejerboliger","2026",
"Vallensbæk Kommune","187","Andel indpendlere","2026",
"Vallensbæk Kommune","187","Andel udpendlere","2026",
"Vallensbæk Kommune","187","Befolkningsandel i bymæssig bebyggelse","2026",
"Vallensbæk Kommune","187","Befolkningstæthed (indb/km2)","2026",
"Vallensbæk Kommune","187","Fuldtidsledige pr. 100 17-64/66-årige","2026",
"Vallensbæk Kommune","187","Indbyggertal 1. januar","2026",
"Vallensbæk Kommune","187","Socioøkonomisk indeks","2026","0.84"
"Vallensbæk Kommune","187","Statsgar. udskrivningsgrundlag pr. indb. (fra 2007)","2026",
"Furesø Kommune","190","Andel 18+-årige","2026",
"Furesø Kommune","190","Andel 18-66-årige","2026",
"Furesø Kommune","190","Andel 25-64-årige","2026",
"Furesø Kommune","190","Andel 25-64-årige med videregående uddannelse","2026",
"Furesø Kommune","190","Andel 25-64-årige uden erhvervsuddannelse","2026",
"Furesø Kommune","190","Andel almennyttige boliger","2026",
"Furesø Kommune","190","Andel ejerboliger","2026",
"Furesø Kommune","190","Andel indpendlere","2026",
"Furesø Kommune","190","Andel udpendlere","2026",
"Furesø Kommune","190","Befolkningsandel i bymæssig bebyggelse","2026",
"Furesø Kommune","190","Befolkningstæthed (indb/km2)","2026",
"Furesø Kommune","190","Fuldtidsledige pr. 100 17-64/66-årige","2026",
"Furesø Kommune","190","Indbyggertal 1. januar","2026",
"Furesø Kommune","190","Socioøkonomisk indeks","2026","0.73"
"Furesø Kommune","190","Statsgar. udskrivningsgrundlag pr. indb. (fra 2007)","2026",
"Allerød Kommune","201","Andel 18+-årige","2026",
"Allerød Kommune","201","Andel 18-66-årige","2026",
"Allerød Kommune","201","Andel 25-64-årige","2026",
"Allerød Kommune","201","Andel 25-64-årige med videregående uddannelse","2026",
"Allerød Kommune","201","Andel 25-64-årige uden erhvervsuddannelse","2026",
"Allerød Kommune","201","Andel almennyttige boliger","2026",
"Allerød Kommune","201","Andel ejerboliger","2026",
"Allerød Kommune","201","Andel indpendlere","2026",
"Allerød Kommune","201","Andel udpendlere","2026",
"Allerød Kommune","201","Befolkningsandel i bymæssig bebyggelse","2026",
"Allerød Kommune","201","Befolkningstæthed (indb/km2)","2026",
"Allerød Kommune","201","Fuldtidsledige pr. 100 17-64/66-årige","2026",
"Allerød Kommune","201","Indbyggertal 1. januar","2026",
"Allerød Kommune","201","Socioøkonomisk indeks","2026","0.52"
"Allerød Kommune","201","Statsgar. udskrivningsgrundlag pr. indb. (fra 2007)","2026",
"Fredensborg Kommune","210","Andel 18+-årige","2026",
"Fredensborg Kommune","210","Andel 18-66-årige","2026",
"Fredensborg Kommune","210","Andel 25-64-årige","2026",
"Fredensborg Kommune","210","Andel 25-64-årige med videregående uddannelse","2026",
"Fredensborg Kommune","210","Andel 25-64-årige uden erhvervsuddannelse","2026",
"Fredensborg Kommune","210","Andel almennyttige boliger","2026",
"Fredensborg Kommune","210","Andel ejerboliger","2026",
"Fredensborg Kommune","210","Andel indpendlere","2026",
"Fredensborg Kommune","210","Andel udpendlere","2026",
"Fredensborg Kommune","210","Befolkningsandel i bymæssig bebyggelse","2026",
"Fredensborg Kommune","210","Befolkningstæthed (indb/km2)","2026",
"Fredensborg Kommune","210","Fuldtidsledige pr. 100 17-64/66-årige","2026",
"Fredensborg Kommune","210","Indbyggertal 1. januar","2026",
"Fredensborg Kommune","210","Socioøkonomisk indeks","2026","0.9"
"Fredensborg Kommune","210","Statsgar. udskrivningsgrundlag pr. indb. (fra 2007)","2026",
"Helsingør Kommune","217","Andel 18+-årige","2026",
"Helsingør Kommune","217","Andel 18-66-årige","2026",
"Helsingør Kommune","217","Andel 25-64-årige","2026",
"Helsingør Kommune","217","Andel 25-64-årige med videregående uddannelse","2026",
"Helsingør Kommune","217","Andel 25-64-årige uden erhvervsuddannelse","2026",
"Helsingør Kommune","217","Andel almennyttige boliger","2026",
"Helsingør Kommune","217","Andel ejerboliger","2026",
"Helsingør Kommune","217","Andel indpendlere","2026",
"Helsingør Kommune","217","Andel udpendlere","2026",
"Helsingør Kommune","217","Befolkningsandel i bymæssig bebyggelse","2026",
"Helsingør Kommune","217","Befolkningstæthed (indb/km2)","2026",
"Helsingør Kommune","217","Fuldtidsledige pr. 100 17-64/66-årige","2026",
"Helsingør Kommune","217","Indbyggertal 1. januar","2026",
"Helsingør Kommune","217","Socioøkonomisk indeks","2026","1.01"
"Helsingør Kommune","217","Statsgar. udskrivningsgrundlag pr. indb. (fra 2007)","2026",
"Hillerød Kommune","219","Andel 18+-årige","2026",
"Hillerød Kommune","219","Andel 18-66-årige","2026",
"Hillerød Kommune","219","Andel 25-64-årige","2026",
"Hillerød Kommune","219","Andel 25-64-årige med videregående uddannelse","2026",
"Hillerød Kommune","219","Andel 25-64-årige uden erhvervsuddannelse","2026",
"Hillerød Kommune","219","Andel almennyttige boliger","2026",
"Hillerød Kommune","219","Andel ejerboliger","2026",
"Hillerød Kommune","219","Andel indpendlere","2026",
"Hillerød Kommune","219","Andel udpendlere","2026",
"Hillerød Kommune","219","Befolkningsandel i bymæssig bebyggelse","2026",
"Hillerød Kommune","219","Befolkningstæthed (indb/km2)","2026",
"Hillerød Kommune","219","Fuldtidsledige pr. 100 17-64/66-årige","2026",
"Hillerød Kommune","219","Indbyggertal 1. januar","2026",
"Hillerød Kommune","219","Socioøkonomisk indeks","2026","0.76"
"Hillerød Kommune","219","Statsgar. udskrivningsgrundlag pr. indb. (fra 2007)","2026",
"Hørsholm Kommune","223","Andel 18+-årige","2026",
"Hørsholm Kommune","223","Andel 18-66-årige","2026",
"Hørsholm Kommune","223","Andel 25-64-årige","2026",
"Hørsholm Kommune","223","Andel 25-64-årige med videregående uddannelse","2026",
"Hørsholm Kommune","223","Andel 25-64-årige uden erhvervsuddannelse","2026",
"Hørsholm Kommune","223","Andel almennyttige boliger","2026",
"Hørsholm Kommune","223","Andel ejerboliger","2026",
"Hørsholm Kommune","223","Andel indpendlere","2026",
"Hørsholm Kommune","223","Andel udpendlere","2026",
"Hørsholm Kommune","223","Befolkningsandel i bymæssig bebyggelse","2026",
"Hørsholm Kommune","223","Befolkningstæthed (indb/km2)","2026",
"Hørsholm Kommune","223","Fuldtidsledige pr. 100 17-64/66-årige","2026",
"Hørsholm Kommune","223","Indbyggertal 1. januar","2026",
"Hørsholm Kommune","223","Socioøkonomisk indeks","2026","0.64"
"Hørsholm Kommune","223","Statsgar. udskrivningsgrundlag pr. indb. (fra 2007)","2026",
"Rudersdal Kommune","230","Andel 18+-årige","2026",
"Rudersdal Kommune","230","Andel 18-66-årige","2026",
"Rudersdal Kommune","230","Andel 25-64-årige","2026",
"Rudersdal Kommune","230","Andel 25-64-årige med videregående uddannelse","2026",
"Rudersdal Kommune","230","Andel 25-64-årige uden erhvervsuddannelse","2026",
"Rudersdal Kommune","230","Andel almennyttige boliger","2026",
"Rudersdal Kommune","230","Andel ejerboliger","2026",
"Rudersdal Kommune","230","Andel indpendlere","2026",
"Rudersdal Kommune","230","Andel udpendlere","2026",
"Rudersdal Kommune","230","Befolkningsandel i bymæssig bebyggelse","2026",
"Rudersdal Kommune","230","Befolkningstæthed (indb/km2)","2026",
"Rudersdal Kommune","230","Fuldtidsledige pr. 100 17-64/66-årige","2026",
"Rudersdal Kommune","230","Indbyggertal 1. januar","2026",
"Rudersdal Kommune","230","Socioøkonomisk indeks","2026","0.61"
"Rudersdal Kommune","230","Statsgar. udskrivningsgrundlag pr. indb. (fra 2007)","2026",
"Egedal Kommune","240","Andel 18+-årige","2026",
"Egedal Kommune","240","Andel 18-66-årige","2026",
"Egedal Kommune","240","Andel 25-64-årige","2026",
"Egedal Kommune","240","Andel 25-64-årige med videregående uddannelse","2026",
"Egedal Kommune","240","Andel 25-64-årige uden erhvervsuddannelse","2026",
"Egedal Kommune","240","Andel almennyttige boliger","2026",
"Egedal Kommune","240","Andel ejerboliger","2026",
"Egedal Kommune","240","Andel indpendlere","2026",
"Egedal Kommune","240","Andel udpendlere","2026",
"Egedal Kommune","240","Befolkningsandel i bymæssig bebyggelse","2026",
"Egedal Kommune","240","Befolkningstæthed (indb/km2)","2026",
"Egedal Kommune","240","Fuldtidsledige pr. 100 17-64/66-årige","2026",
"Egedal Kommune","240","Indbyggertal 1. januar","2026",
"Egedal Kommune","240","Socioøkonomisk indeks","2026","0.61"
"Egedal Kommune","240","Statsgar. udskrivningsgrundlag pr. indb. (fra 2007)","2026",
"Frederikssund Kommune","250","Andel 18+-årige","2026",
"Frederikssund Kommune","250","Andel 18-66-årige","2026",
"Frederikssund Kommune","250","Andel 25-64-årige","2026",
"Frederikssund Kommune","250","Andel 25-64-årige med videregående uddannelse","2026",
"Frederikssund Kommune","250","Andel 25-64-årige uden erhvervsuddannelse","2026",
"Frederikssund Kommune","250","Andel almennyttige boliger","2026",
"Frederikssund Kommune","250","Andel ejerboliger","2026",
"Frederikssund Kommune","250","Andel indpendlere","2026",
"Frederikssund Kommune","250","Andel udpendlere","2026",
"Frederikssund Kommune","250","Befolkningsandel i bymæssig bebyggelse","2026",
"Frederikssund Kommune","250","Befolkningstæthed (indb/km2)","2026",
"Frederikssund Kommune","250","Fuldtidsledige pr. 100 17-64/66-årige","2026",
"Frederikssund Kommune","250","Indbyggertal 1. januar","2026",
"Frederikssund Kommune","250","Socioøkonomisk indeks","2026","0.9"
"Frederikssund Kommune","250","Statsgar. udskrivningsgrundlag pr. indb. (fra 2007)","2026",
"Greve Kommune","253","Andel 18+-årige","2026",
"Greve Kommune","253","Andel 18-66-årige","2026",
"Greve Kommune","253","Andel 25-64-årige","2026",
"Greve Kommune","253","Andel 25-64-årige med videregående uddannelse","2026",
"Greve Kommune","253","Andel 25-64-årige uden erhvervsuddannelse","2026",
"Greve Kommune","253","Andel almennyttige boliger","2026",
"Greve Kommune","253","Andel ejerboliger","2026",
"Greve Kommune","253","Andel indpendlere","2026",
"Greve Kommune","253","Andel udpendlere","2026",
"Greve Kommune","253","Befolkningsandel i bymæssig bebyggelse","2026",
"Greve Kommune","253","Befolkningstæthed (indb/km2)","2026",
"Greve Kommune","253","Fuldtidsledige pr. 100 17-64/66-årige","2026",
"Greve Kommune","253","Indbyggertal 1. januar","2026",
"Greve Kommune","253","Socioøkonomisk indeks","2026","0.88"
"Greve Kommune","253","Statsgar. udskrivningsgrundlag pr. indb. (fra 2007)","2026",
"Køge Kommune","259","Andel 18+-årige","2026",
"Køge Kommune","259","Andel 18-66-årige","2026",
"Køge Kommune","259","Andel 25-64-årige","2026",
"Køge Kommune","259","Andel 25-64-årige med videregående uddannelse","2026",
"Køge Kommune","259","Andel 25-64-årige uden erhvervsuddannelse","2026",
"Køge Kommune","259","Andel almennyttige boliger","2026",
"Køge Kommune","259","Andel ejerboliger","2026",
"Køge Kommune","259","Andel indpendlere","2026",
"Køge Kommune","259","Andel udpendlere","2026",
"Køge Kommune","259","Befolkningsandel i bymæssig bebyggelse","2026",
"Køge Kommune","259","Befolkningstæthed (indb/km2)","2026",
"Køge Kommune","259","Fuldtidsledige pr. 100 17-64/66-årige","2026",
"Køge Kommune","259","Indbyggertal 1. januar","2026",
"Køge Kommune","259","Socioøkonomisk indeks","2026","1.01"
"Køge Kommune","259","Statsgar. udskrivningsgrundlag pr. indb. (fra 2007)","2026",
"Halsnæs Kommune","260","Andel 18+-årige","2026",
"Halsnæs Kommune","260","Andel 18-66-årige","2026",
"Halsnæs Kommune","260","Andel 25-64-årige","2026",
"Halsnæs Kommune","260","Andel 25-64-årige med videregående uddannelse","2026",
"Halsnæs Kommune","260","Andel 25-64-årige uden erhvervsuddannelse","2026",
"Halsnæs Kommune","260","Andel almennyttige boliger","2026",
"Halsnæs Kommune","260","Andel ejerboliger","2026",
"Halsnæs Kommune","260","Andel indpendlere","2026",
"Halsnæs Kommune","260","Andel udpendlere","2026",
"Halsnæs Kommune","260","Befolkningsandel i bymæssig bebyggelse","2026",
"Halsnæs Kommune","260","Befolkningstæthed (indb/km2)","2026",
"Halsnæs Kommune","260","Fuldtidsledige pr. 100 17-64/66-årige","2026",
"Halsnæs Kommune","260","Indbyggertal 1. januar","2026",
"Halsnæs Kommune","260","Socioøkonomisk indeks","2026","1.03"
"Halsnæs Kommune","260","Statsgar. udskrivningsgrundlag pr. indb. (fra 2007)","2026",
"Roskilde Kommune","265","Andel 18+-årige","2026",
"Roskilde Kommune","265","Andel 18-66-årige","2026",
"Roskilde Kommune","265","Andel 25-64-årige","2026",
"Roskilde Kommune","265","Andel 25-64-årige med videregående uddannelse","2026",
"Roskilde Kommune","265","Andel 25-64-årige uden erhvervsuddannelse","2026",
"Roskilde Kommune","265","Andel almennyttige boliger","2026",
"Roskilde Kommune","265","Andel ejerboliger","2026",
"Roskilde Kommune","265","Andel indpendlere","2026",
"Roskilde Kommune","265","Andel udpendlere","2026",
"Roskilde Kommune","265","Befolkningsandel i bymæssig bebyggelse","2026",
"Roskilde Kommune","265","Befolkningstæthed (indb/km2)","2026",
"Roskilde Kommune","265","Fuldtidsledige pr. 100 17-64/66-årige","2026",
"Roskilde Kommune","265","Indbyggertal 1. januar","2026",
"Roskilde Kommune","265","Socioøkonomisk indeks","2026","0.77"
"Roskilde Kommune","265","Statsgar. udskrivningsgrundlag pr. indb. (fra 2007)","2026",
"Solrød Kommune","269","Andel 18+-årige","2026",
"Solrød Kommune","269","Andel 18-66-årige","2026",
"Solrød Kommune","269","Andel 25-64-årige","2026",
"Solrød Kommune","269","Andel 25-64-årige med videregående uddannelse","2026",
"Solrød Kommune","269","Andel 25-64-årige uden erhvervsuddannelse","2026",
"Solrød Kommune","269","Andel almennyttige boliger","2026",
"Solrød Kommune","269","Andel ejerboliger","2026",
"Solrød Kommune","269","Andel indpendlere","2026",
"Solrød Kommune","269","Andel udpendlere","2026",
"Solrød Kommune","269","Befolkningsandel i bymæssig bebyggelse","2026",
"Solrød Kommune","269","Befolkningstæthed (indb/km2)","2026",
"Solrød Kommune","269","Fuldtidsledige pr. 100 17-64/66-årige","2026",
"Solrød Kommune","269","Indbyggertal 1. januar","2026",
"Solrød Kommune","269","Socioøkonomisk indeks","2026","0.64"
"Solrød Kommune","269","Statsgar. udskrivningsgrundlag pr. indb. (fra 2007)","2026",
"Gribskov Kommune","270","Andel 18+-årige","2026",
"Gribskov Kommune","270","Andel 18-66-årige","2026",
"Gribskov Kommune","270","Andel 25-64-årige","2026",
"Gribskov Kommune","270","Andel 25-64-årige med videregående uddannelse","2026",
"Gribskov Kommune","270","Andel 25-64-årige uden erhvervsuddannelse","2026",
"Gribskov Kommune","270","Andel almennyttige boliger","2026",
"Gribskov Kommune","270","Andel ejerboliger","2026",
"Gribskov Kommune","270","Andel indpendlere","2026",
"Gribskov Kommune","270","Andel udpendlere","2026",
"Gribskov Kommune","270","Befolkningsandel i bymæssig bebyggelse","2026",
"Gribskov Kommune","270","Befolkningstæthed (indb/km2)","2026",
"Gribskov Kommune","270","Fuldtidsledige pr. 100 17-64/66-årige","2026",
"Gribskov Kommune","270","Indbyggertal 1. januar","2026",
"Gribskov Kommune","270","Socioøkonomisk indeks","2026","0.9"
"Gribskov Kommune","270","Statsgar. udskrivningsgrundlag pr. indb. (fra 2007)","2026",
"Odsherred Kommune","306","Andel 18+-årige","2026",
"Odsherred Kommune","306","Andel 18-66-årige","2026",
"Odsherred Kommune","306","Andel 25-64-årige","2026",
"Odsherred Kommune","306","Andel 25-64-årige med videregående uddannelse","2026",
"Odsherred Kommune","306","Andel 25-64-årige uden erhvervsuddannelse","2026",
"Odsherred Kommune","306","Andel almennyttige boliger","2026",
"Odsherred Kommune","306","Andel ejerboliger","2026",
"Odsherred Kommune","306","Andel indpendlere","2026",
"Odsherred Kommune","306","Andel udpendlere","2026",
"Odsherred Kommune","306","Befolkningsandel i bymæssig bebyggelse","2026",
"Odsherred Kommune","306","Befolkningstæthed (indb/km2)","2026",
"Odsherred Kommune","306","Fuldtidsledige pr. 100 17-64/66-årige","2026",
"Odsherred Kommune","306","Indbyggertal 1. januar","2026",
"Odsherred Kommune","306","Socioøkonomisk indeks","2026","1.25"
"Odsherred Kommune","306","Statsgar. udskrivningsgrundlag pr. indb. (fra 2007)","2026",
"Holbæk Kommune","316","Andel 18+-årige","2026",
"Holbæk Kommune","316","Andel 18-66-årige","2026",
"Holbæk Kommune","316","Andel 25-64-årige","2026",
"Holbæk Kommune","316","Andel 25-64-årige med videregående uddannelse","2026",
"Holbæk Kommune","316","Andel 25-64-årige uden erhvervsuddannelse","2026",
"Holbæk Kommune","316","Andel almennyttige boliger","2026",
"Holbæk Kommune","316","Andel ejerboliger","2026",
"Holbæk Kommune","316","Andel indpendlere","2026",
"Holbæk Kommune","316","Andel udpendlere","2026",
"Holbæk Kommune","316","Befolkningsandel i bymæssig bebyggelse","2026",
"Holbæk Kommune","316","Befolkningstæthed (indb/km2)","2026",
"Holbæk Kommune","316","Fuldtidsledige pr. 100 17-64/66-årige","2026",
"Holbæk Kommune","316","Indbyggertal 1. januar","2026",
"Holbæk Kommune","316","Socioøkonomisk indeks","2026","1.08"
"Holbæk Kommune","316","Statsgar. udskrivningsgrundlag pr. indb. (fra 2007)","2026",
"Faxe Kommune","320","Andel 18+-årige","2026",
"Faxe Kommune","320","Andel 18-66-årige","2026",
"Faxe Kommune","320","Andel 25-64-årige","2026",
"Faxe Kommune","320","Andel 25-64-årige med videregående uddannelse","2026",
"Faxe Kommune","320","Andel 25-64-årige uden erhvervsuddannelse","2026",
"Faxe Kommune","320","Andel almennyttige boliger","2026",
"Faxe Kommune","320","Andel ejerboliger","2026",
"Faxe Kommune","320","Andel indpendlere","2026",
"Faxe Kommune","320","Andel udpendlere","2026",
"Faxe Kommune","320","Befolkningsandel i bymæssig bebyggelse","2026",
"Faxe Kommune","320","Befolkningstæthed (indb/km2)","2026",
"Faxe Kommune","320","Fuldtidsledige pr. 100 17-64/66-årige","2026",
"Faxe Kommune","320","Indbyggertal 1. januar","2026",
"Faxe Kommune","320","Socioøkonomisk indeks","2026","1.04"
"Faxe Kommune","320","Statsgar. udskrivningsgrundlag pr. indb. (fra 2007)","2026",
"Kalundborg Kommune","326","Andel 18+-årige","2026",
"Kalundborg Kommune","326","Andel 18-66-årige","2026",
"Kalundborg Kommune","326","Andel 25-64-årige","2026",
"Kalundborg Kommune","326","Andel 25-64-årige med videregående uddannelse","2026",
"Kalundborg Kommune","326","Andel 25-64-årige uden erhvervsuddannelse","2026",
"Kalundborg Kommune","326","Andel almennyttige boliger","2026",
"Kalundborg Kommune","326","Andel ejerboliger","2026",
"Kalundborg Kommune","326","Andel indpendlere","2026",
"Kalundborg Kommune","326","Andel udpendlere","2026",
"Kalundborg Kommune","326","Befolkningsandel i bymæssig bebyggelse","2026",
"Kalundborg Kommune","326","Befolkningstæthed (indb/km2)","2026",
"Kalundborg Kommune","326","Fuldtidsledige pr. 100 17-64/66-årige","2026",
"Kalundborg Kommune","326","Indbyggertal 1. januar","2026",
"Kalundborg Kommune","326","Socioøkonomisk indeks","2026","1.25"
"Kalundborg Kommune","326","Statsgar. udskrivningsgrundlag pr. indb. (fra 2007)","2026",
"Ringsted Kommune","329","Andel 18+-årige","2026",
"Ringsted Kommune","329","Andel 18-66-årige","2026",
"Ringsted Kommune","329","Andel 25-64-årige","2026",
"Ringsted Kommune","329","Andel 25-64-årige med videregående uddannelse","2026",
"Ringsted Kommune","329","Andel 25-64-årige uden erhvervsuddannelse","2026",
"Ringsted Kommune","329","Andel almennyttige boliger","2026",
"Ringsted Kommune","329","Andel ejerboliger","2026",
"Ringsted Kommune","329","Andel indpendlere","2026",
"Ringsted Kommune","329","Andel udpendlere","2026",
"Ringsted Kommune","329","Befolkningsandel i bymæssig bebyggelse","2026",
"Ringsted Kommune","329","Befolkningstæthed (indb/km2)","2026",
"Ringsted Kommune","329","Fuldtidsledige pr. 100 17-64/66-årige","2026",
"Ringsted Kommune","329","Indbyggertal 1. januar","2026",
"Ringsted Kommune","329","Socioøkonomisk indeks","2026","1.06"
"Ringsted Kommune","329","Statsgar. udskrivningsgrundlag pr. indb. (fra 2007)","2026",
"Slagelse Kommune","330","Andel 18+-årige","2026",
"Slagelse Kommune","330","Andel 18-66-årige","2026",
"Slagelse Kommune","330","Andel 25-64-årige","2026",
"Slagelse Kommune","330","Andel 25-64-årige med videregående uddannelse","2026",
"Slagelse Kommune","330","Andel 25-64-årige uden erhvervsuddannelse","2026",
"Slagelse Kommune","330","Andel almennyttige boliger","2026",
"Slagelse Kommune","330","Andel ejerboliger","2026",
"Slagelse Kommune","330","Andel indpendlere","2026",
"Slagelse Kommune","330","Andel udpendlere","2026",
"Slagelse Kommune","330","Befolkningsandel i bymæssig bebyggelse","2026",
"Slagelse Kommune","330","Befolkningstæthed (indb/km2)","2026",
"Slagelse Kommune","330","Fuldtidsledige pr. 100 17-64/66-årige","2026",
"Slagelse Kommune","330","Indbyggertal 1. januar","2026",
"Slagelse Kommune","330","Socioøkonomisk indeks","2026","1.29"
"Slagelse Kommune","330","Statsgar. udskrivningsgrundlag pr. indb. (fra 2007)","2026",
"Stevns Kommune","336","Andel 18+-årige","2026",
"Stevns Kommune","336","Andel 18-66-årige","2026",
"Stevns Kommune","336","Andel 25-64-årige","2026",
"Stevns Kommune","336","Andel 25-64-årige med videregående uddannelse","2026",
"Stevns Kommune","336","Andel 25-64-årige uden erhvervsuddannelse","2026",
"Stevns Kommune","336","Andel almennyttige boliger","2026",
"Stevns Kommune","336","Andel ejerboliger","2026",
"Stevns Kommune","336","Andel indpendlere","2026",
"Stevns Kommune","336","Andel udpendlere","2026",
"Stevns Kommune","336","Befolkningsandel i bymæssig bebyggelse","2026",
"Stevns Kommune","336","Befolkningstæthed (indb/km2)","2026",
"Stevns Kommune","336","Fuldtidsledige pr. 100 17-64/66-årige","2026",
"Stevns Kommune","336","Indbyggertal 1. januar","2026",
"Stevns Kommune","336","Socioøkonomisk indeks","2026","0.96"
"Stevns Kommune","336","Statsgar. udskrivningsgrundlag pr. indb. (fra 2007)","2026",
"Sorø Kommune","340","Andel 18+-årige","2026",
"Sorø Kommune","340","Andel 18-66-årige","2026",
"Sorø Kommune","340","Andel 25-64-årige","2026",
"Sorø Kommune","340","Andel 25-64-årige med videregående uddannelse","2026",
"Sorø Kommune","340","Andel 25-64-årige uden erhvervsuddannelse","2026",
"Sorø Kommune","340","Andel almennyttige boliger","2026",
"Sorø Kommune","340","Andel ejerboliger","2026",
"Sorø Kommune","340","Andel indpendlere","2026",
"Sorø Kommune","340","Andel udpendlere","2026",
"Sorø Kommune","340","Befolkningsandel i bymæssig bebyggelse","2026",
"Sorø Kommune","340","Befolkningstæthed (indb/km2)","2026",
"Sorø Kommune","340","Fuldtidsledige pr. 100 17-64/66-årige","2026",
"Sorø Kommune","340","Indbyggertal 1. januar","2026",
"Sorø Kommune","340","Socioøkonomisk indeks","2026","1.02"
"Sorø Kommune","340","Statsgar. udskrivningsgrundlag pr. indb. (fra 2007)","2026",
"Lejre Kommune","350","Andel 18+-årige","2026",
"Lejre Kommune","350","Andel 18-66-årige","2026",
"Lejre Kommune","350","Andel 25-64-årige","2026",
"Lejre Kommune","350","Andel 25-64-årige med videregående uddannelse","2026",
"Lejre Kommune","350","Andel 25-64-årige uden erhvervsuddannelse","2026",
"Lejre Kommune","350","Andel almennyttige boliger","2026",
"Lejre Kommune","350","Andel ejerboliger","2026",
"Lejre Kommune","350","Andel indpendlere","2026",
"Lejre Kommune","350","Andel udpendlere","2026",
"Lejre Kommune","350","Befolkningsandel i bymæssig bebyggelse","2026",
"Lejre Kommune","350","Befolkningstæthed (indb/km2)","2026",
"Lejre Kommune","350","Fuldtidsledige pr. 100 17-64/66-årige","2026",
"Lejre Kommune","350","Indbyggertal 1. januar","2026",
"Lejre Kommune","350","Socioøkonomisk indeks","2026","0.73"
"Lejre Kommune","350","Statsgar. udskrivningsgrundlag pr. indb. (fra 2007)","2026",
"Lolland Kommune","360","Andel 18+-årige","2026",
"Lolland Kommune","360","Andel 18-66-årige","2026",
"Lolland Kommune","360","Andel 25-64-årige","2026",
"Lolland Kommune","360","Andel 25-64-årige med videregående uddannelse","2026",
"Lolland Kommune","360","Andel 25-64-årige uden erhvervsuddannelse","2026",
"Lolland Kommune","360","Andel almennyttige boliger","2026",
"Lolland Kommune","360","Andel ejerboliger","2026",
"Lolland Kommune","360","Andel indpendlere","2026",
"Lolland Kommune","360","Andel udpendlere","2026",
"Lolland Kommune","360","Befolkningsandel i bymæssig bebyggelse","2026",
"Lolland Kommune","360","Befolkningstæthed (indb/km2)","2026",
"Lolland Kommune","360","Fuldtidsledige pr. 100 17-64/66-årige","2026",
"Lolland Kommune","360","Indbyggertal 1. januar","2026",
"Lolland Kommune","360","Socioøkonomisk indeks","2026","1.62"
"Lolland Kommune","360","Statsgar. udskrivningsgrundlag pr. indb. (fra 2007)","2026",
"Næstved Kommune","370","Andel 18+-årige","2026",
"Næstved Kommune","370","Andel 18-66-årige","2026",
"Næstved Kommune","370","Andel 25-64-årige","2026",
"Næstved Kommune","370","Andel 25-64-årige med videregående uddannelse","2026",
"Næstved Kommune","370","Andel 25-64-årige uden erhvervsuddannelse","2026",
"Næstved Kommune","370","Andel almennyttige boliger","2026",
"Næstved Kommune","370","Andel ejerboliger","2026",
"Næstved Kommune","370","Andel indpendlere","2026",
"Næstved Kommune","370","Andel udpendlere","2026",
"Næstved Kommune","370","Befolkningsandel i bymæssig bebyggelse","2026",
"Næstved Kommune","370","Befolkningstæthed (indb/km2)","2026",
"Næstved Kommune","370","Fuldtidsledige pr. 100 17-64/66-årige","2026",
"Næstved Kommune","370","Indbyggertal 1. januar","2026",
"Næstved Kommune","370","Socioøkonomisk indeks","2026","1.1"
"Næstved Kommune","370","Statsgar. udskrivningsgrundlag pr. indb. (fra 2007)","2026",
"Guldborgsund Kommune","376","Andel 18+-årige","2026",
"Guldborgsund Kommune","376","Andel 18-66-årige","2026",
"Guldborgsund Kommune","376","Andel 25-64-årige","2026",
"Guldborgsund Kommune","376","Andel 25-64-årige med videregående uddannelse","2026",
"Guldborgsund Kommune","376","Andel 25-64-årige uden erhvervsuddannelse","2026",
"Guldborgsund Kommune","376","Andel almennyttige boliger","2026",
"Guldborgsund Kommune","376","Andel ejerboliger","2026",
"Guldborgsund Kommune","376","Andel indpendlere","2026",
"Guldborgsund Kommune","376","Andel udpendlere","2026",
"Guldborgsund Kommune","376","Befolkningsandel i bymæssig bebyggelse","2026",
"Guldborgsund Kommune","376","Befolkningstæthed (indb/km2)","2026",
"Guldborgsund Kommune","376","Fuldtidsledige pr. 100 17-64/66-årige","2026",
"Guldborgsund Kommune","376","Indbyggertal 1. januar","2026",
"Guldborgsund Kommune","376","Socioøkonomisk indeks","2026","1.32"
"Guldborgsund Kommune","376","Statsgar. udskrivningsgrundlag pr. indb. (fra 2007)","2026",
"Vordingborg Kommune","390","Andel 18+-årige","2026",
"Vordingborg Kommune","390","Andel 18-66-årige","2026",
"Vordingborg Kommune","390","Andel 25-64-årige","2026",
"Vordingborg Kommune","390","Andel 25-64-årige med videregående uddannelse","2026",
"Vordingborg Kommune","390","Andel 25-64-årige uden erhvervsuddannelse","2026",
"Vordingborg Kommune","390","Andel almennyttige boliger","2026",
"Vordingborg Kommune","390","Andel ejerboliger","2026",
"Vordingborg Kommune","390","Andel indpendlere","2026",
"Vordingborg Kommune","390","Andel udpendlere","2026",
"Vordingborg Kommune","390","Befolkningsandel i bymæssig bebyggelse","2026",
"Vordingborg Kommune","390","Befolkningstæthed (indb/km2)","2026",
"Vordingborg Kommune","390","Fuldtidsledige pr. 100 17-64/66-årige","2026",
"Vordingborg Kommune","390","Indbyggertal 1. januar","2026",
"Vordingborg Kommune","390","Socioøkonomisk indeks","2026","1.18"
"Vordingborg Kommune","390","Statsgar. udskrivningsgrundlag pr. indb. (fra 2007)","2026",
"Bornholms Kommune","400","Andel 18+-årige","2026",
"Bornholms Kommune","400","Andel 18-66-årige","2026",
"Bornholms Kommune","400","Andel 25-64-årige","2026",
"Bornholms Kommune","400","Andel 25-64-årige med videregående uddannelse","2026",
"Bornholms Kommune","400","Andel 25-64-årige uden erhvervsuddannelse","2026",
"Bornholms Kommune","400","Andel almennyttige boliger","2026",
"Bornholms Kommune","400","Andel ejerboliger","2026",
"Bornholms Kommune","400","Andel indpendlere","2026",
"Bornholms Kommune","400","Andel udpendlere","2026",
"Bornholms Kommune","400","Befolkningsandel i bymæssig bebyggelse","2026",
"Bornholms Kommune","400","Befolkningstæthed (indb/km2)","2026",
"Bornholms Kommune","400","Fuldtidsledige pr. 100 17-64/66-årige","2026",
"Bornholms Kommune","400","Indbyggertal 1. januar","2026",
"Bornholms Kommune","400","Socioøkonomisk indeks","2026","1.08"
"Bornholms Kommune","400","Statsgar. udskrivningsgrundlag pr. indb. (fra 2007)","2026",
"Middelfart Kommune","410","Andel 18+-årige","2026",
"Middelfart Kommune","410","Andel 18-66-årige","2026",
"Middelfart Kommune","410","Andel 25-64-årige","2026",
"Middelfart Kommune","410","Andel 25-64-årige med videregående uddannelse","2026",
"Middelfart Kommune","410","Andel 25-64-årige uden erhvervsuddannelse","2026",
"Middelfart Kommune","410","Andel almennyttige boliger","2026",
"Middelfart Kommune","410","Andel ejerboliger","2026",
"Middelfart Kommune","410","Andel indpendlere","2026",
"Middelfart Kommune","410","Andel udpendlere","2026",
"Middelfart Kommune","410","Befolkningsandel i bymæssig bebyggelse","2026",
"Middelfart Kommune","410","Befolkningstæthed (indb/km2)","2026",
"Middelfart Kommune","410","Fuldtidsledige pr. 100 17-64/66-årige","2026",
"Middelfart Kommune","410","Indbyggertal 1. januar","2026",
"Middelfart Kommune","410","Socioøkonomisk indeks","2026","0.86"
"Middelfart Kommune","410","Statsgar. udskrivningsgrundlag pr. indb. (fra 2007)","2026",
"Assens Kommune","420","Andel 18+-årige","2026",
"Assens Kommune","420","Andel 18-66-årige","2026",
"Assens Kommune","420","Andel 25-64-årige","2026",
"Assens Kommune","420","Andel 25-64-årige med videregående uddannelse","2026",
"Assens Kommune","420","Andel 25-64-årige uden erhvervsuddannelse","2026",
"Assens Kommune","420","Andel almennyttige boliger","2026",
"Assens Kommune","420","Andel ejerboliger","2026",
"Assens Kommune","420","Andel indpendlere","2026",
"Assens Kommune","420","Andel udpendlere","2026",
"Assens Kommune","420","Befolkningsandel i bymæssig bebyggelse","2026",
"Assens Kommune","420","Befolkningstæthed (indb/km2)","2026",
"Assens Kommune","420","Fuldtidsledige pr. 100 17-64/66-årige","2026",
"Assens Kommune","420","Indbyggertal 1. januar","2026",
"Assens Kommune","420","Socioøkonomisk indeks","2026","1.05"
"Assens Kommune","420","Statsgar. udskrivningsgrundlag pr. indb. (fra 2007)","2026",
"Faaborg-Midtfyn Kommune","430","Andel 18+-årige","2026",
"Faaborg-Midtfyn Kommune","430","Andel 18-66-årige","2026",
"Faaborg-Midtfyn Kommune","430","Andel 25-64-årige","2026",
"Faaborg-Midtfyn Kommune","430","Andel 25-64-årige med videregående uddannelse","2026",
"Faaborg-Midtfyn Kommune","430","Andel 25-64-årige uden erhvervsuddannelse","2026",
"Faaborg-Midtfyn Kommune","430","Andel almennyttige boliger","2026",
"Faaborg-Midtfyn Kommune","430","Andel ejerboliger","2026",
"Faaborg-Midtfyn Kommune","430","Andel indpendlere","2026",
"Faaborg-Midtfyn Kommune","430","Andel udpendlere","2026",
"Faaborg-Midtfyn Kommune","430","Befolkningsandel i bymæssig bebyggelse","2026",
"Faaborg-Midtfyn Kommune","430","Befolkningstæthed (indb/km2)","2026",
"Faaborg-Midtfyn Kommune","430","Fuldtidsledige pr. 100 17-64/66-årige","2026",
"Faaborg-Midtfyn Kommune","430","Indbyggertal 1. januar","2026",
"Faaborg-Midtfyn Kommune","430","Socioøkonomisk indeks","2026","1.01"
"Faaborg-Midtfyn Kommune","430","Statsgar. udskrivningsgrundlag pr. indb. (fra 2007)","2026",
"Kerteminde Kommune","440","Andel 18+-årige","2026",
"Kerteminde Kommune","440","Andel 18-66-årige","2026",
"Kerteminde Kommune","440","Andel 25-64-årige","2026",
"Kerteminde Kommune","440","Andel 25-64-årige med videregående uddannelse","2026",
"Kerteminde Kommune","440","Andel 25-64-årige uden erhvervsuddannelse","2026",
"Kerteminde Kommune","440","Andel almennyttige boliger","2026",
"Kerteminde Kommune","440","Andel ejerboliger","2026",
"Kerteminde Kommune","440","Andel indpendlere","2026",
"Kerteminde Kommune","440","Andel udpendlere","2026",
"Kerteminde Kommune","440","Befolkningsandel i bymæssig bebyggelse","2026",
"Kerteminde Kommune","440","Befolkningstæthed (indb/km2)","2026",
"Kerteminde Kommune","440","Fuldtidsledige pr. 100 17-64/66-årige","2026",
"Kerteminde Kommune","440","Indbyggertal 1. januar","2026",
"Kerteminde Kommune","440","Socioøkonomisk indeks","2026","1"
"Kerteminde Kommune","440","Statsgar. udskrivningsgrundlag pr. indb. (fra 2007)","2026",
"Nyborg Kommune","450","Andel 18+-årige","2026",
"Nyborg Kommune","450","Andel 18-66-årige","2026",
"Nyborg Kommune","450","Andel 25-64-årige","2026",
"Nyborg Kommune","450","Andel 25-64-årige med videregående uddannelse","2026",
"Nyborg Kommune","450","Andel 25-64-årige uden erhvervsuddannelse","2026",
"Nyborg Kommune","450","Andel almennyttige boliger","2026",
"Nyborg Kommune","450","Andel ejerboliger","2026",
"Nyborg Kommune","450","Andel indpendlere","2026",
"Nyborg Kommune","450","Andel udpendlere","2026",
"Nyborg Kommune","450","Befolkningsandel i bymæssig bebyggelse","2026",
"Nyborg Kommune","450","Befolkningstæthed (indb/km2)","2026",
"Nyborg Kommune","450","Fuldtidsledige pr. 100 17-64/66-årige","2026",
"Nyborg Kommune","450","Indbyggertal 1. januar","2026",
"Nyborg Kommune","450","Socioøkonomisk indeks","2026","1.14"
"Nyborg Kommune","450","Statsgar. udskrivningsgrundlag pr. indb. (fra 2007)","2026",
"Odense Kommune","461","Andel 18+-årige","2026",
"Odense Kommune","461","Andel 18-66-årige","2026",
"Odense Kommune","461","Andel 25-64-årige","2026",
"Odense Kommune","461","Andel 25-64-årige med videregående uddannelse","2026",
"Odense Kommune","461","Andel 25-64-årige uden erhvervsuddannelse","2026",
"Odense Kommune","461","Andel almennyttige boliger","2026",
"Odense Kommune","461","Andel ejerboliger","2026",
"Odense Kommune","461","Andel indpendlere","2026",
"Odense Kommune","461","Andel udpendlere","2026",
"Odense Kommune","461","Befolkningsandel i bymæssig bebyggelse","2026",
"Odense Kommune","461","Befolkningstæthed (indb/km2)","2026",
"Odense Kommune","461","Fuldtidsledige pr. 100 17-64/66-årige","2026",
"Odense Kommune","461","Indbyggertal 1. januar","2026",
"Odense Kommune","461","Socioøkonomisk indeks","2026","1.1"
"Odense Kommune","461","Statsgar. udskrivningsgrundlag pr. indb. (fra 2007)","2026",
"Svendborg Kommune","479","Andel 18+-årige","2026",
"Svendborg Kommune","479","Andel 18-66-årige","2026",
"Svendborg Kommune","479","Andel 25-64-årige","2026",
"Svendborg Kommune","479","Andel 25-64-årige med videregående uddannelse","2026",
"Svendborg Kommune","479","Andel 25-64-årige uden erhvervsuddannelse","2026",
"Svendborg Kommune","479","Andel almennyttige boliger","2026",
"Svendborg Kommune","479","Andel ejerboliger","2026",
"Svendborg Kommune","479","Andel indpendlere","2026",
"Svendborg Kommune","479","Andel udpendlere","2026",
"Svendborg Kommune","479","Befolkningsandel i bymæssig bebyggelse","2026",
"Svendborg Kommune","479","Befolkningstæthed (indb/km2)","2026",
"Svendborg Kommune","479","Fuldtidsledige pr. 100 17-64/66-årige","2026",
"Svendborg Kommune","479","Indbyggertal 1. januar","2026",
"Svendborg Kommune","479","Socioøkonomisk indeks","2026","1.03"
"Svendborg Kommune","479","Statsgar. udskrivningsgrundlag pr. indb. (fra 2007)","2026",
"Nordfyns Kommune","480","Andel 18+-årige","2026",
"Nordfyns Kommune","480","Andel 18-66-årige","2026",
"Nordfyns Kommune","480","Andel 25-64-årige","2026",
"Nordfyns Kommune","480","Andel 25-64-årige med videregående uddannelse","2026",
"Nordfyns Kommune","480","Andel 25-64-årige uden erhvervsuddannelse","2026",
"Nordfyns Kommune","480","Andel almennyttige boliger","2026",
"Nordfyns Kommune","480","Andel ejerboliger","2026",
"Nordfyns Kommune","480","Andel indpendlere","2026",
"Nordfyns Kommune","480","Andel udpendlere","2026",
"Nordfyns Kommune","480","Befolkningsandel i bymæssig bebyggelse","2026",
"Nordfyns Kommune","480","Befolkningstæthed (indb/km2)","2026",
"Nordfyns Kommune","480","Fuldtidsledige pr. 100 17-64/66-årige","2026",
"Nordfyns Kommune","480","Indbyggertal 1. januar","2026",
"Nordfyns Kommune","480","Socioøkonomisk indeks","2026","1.09"
"Nordfyns Kommune","480","Statsgar. udskrivningsgrundlag pr. indb. (fra 2007)","2026",
"Langeland Kommune","482","Andel 18+-årige","2026",
"Langeland Kommune","482","Andel 18-66-årige","2026",
"Langeland Kommune","482","Andel 25-64-årige","2026",
"Langeland Kommune","482","Andel 25-64-årige med videregående uddannelse","2026",
"Langeland Kommune","482","Andel 25-64-årige uden erhvervsuddannelse","2026",
"Langeland Kommune","482","Andel almennyttige boliger","2026",
"Langeland Kommune","482","Andel ejerboliger","2026",
"Langeland Kommune","482","Andel indpendlere","2026",
"Langeland Kommune","482","Andel udpendlere","2026",
"Langeland Kommune","482","Befolkningsandel i bymæssig bebyggelse","2026",
"Langeland Kommune","482","Befolkningstæthed (indb/km2)","2026",
"Langeland Kommune","482","Fuldtidsledige pr. 100 17-64/66-årige","2026",
"Langeland Kommune","482","Indbyggertal 1. januar","2026",
"Langeland Kommune","482","Socioøkonomisk indeks","2026","1.31"
"Langeland Kommune","482","Statsgar. udskrivningsgrundlag pr. indb. (fra 2007)","2026",
"Ærø Kommune","492","Andel 18+-årige","2026",
"Ærø Kommune","492","Andel 18-66-årige","2026",
"Ærø Kommune","492","Andel 25-64-årige","2026",
"Ærø Kommune","492","Andel 25-64-årige med videregående uddannelse","2026",
"Ærø Kommune","492","Andel 25-64-årige uden erhvervsuddannelse","2026",
"Ærø Kommune","492","Andel almennyttige boliger","2026",
"Ærø Kommune","492","Andel ejerboliger","2026",
"Ærø Kommune","492","Andel indpendlere","2026",
"Ærø Kommune","492","Andel udpendlere","2026",
"Ærø Kommune","492","Befolkningsandel i bymæssig bebyggelse","2026",
"Ærø Kommune","492","Befolkningstæthed (indb/km2)","2026",
"Ærø Kommune","492","Fuldtidsledige pr. 100 17-64/66-årige","2026",
"Ærø Kommune","492","Indbyggertal 1. januar","2026",
"Ærø Kommune","492","Socioøkonomisk indeks","2026","1"
"Ærø Kommune","492","Statsgar. udskrivningsgrundlag pr. indb. (fra 2007)","2026",
"Haderslev Kommune","510","Andel 18+-årige","2026",
"Haderslev Kommune","510","Andel 18-66-årige","2026",
"Haderslev Kommune","510","Andel 25-64-årige","2026",
"Haderslev Kommune","510","Andel 25-64-årige med videregående uddannelse","2026",
"Haderslev Kommune","510","Andel 25-64-årige uden erhvervsuddannelse","2026",
"Haderslev Kommune","510","Andel almennyttige boliger","2026",
"Haderslev Kommune","510","Andel ejerboliger","2026",
"Haderslev Kommune","510","Andel indpendlere","2026",
"Haderslev Kommune","510","Andel udpendlere","2026",
"Haderslev Kommune","510","Befolkningsandel i bymæssig bebyggelse","2026",
"Haderslev Kommune","510","Befolkningstæthed (indb/km2)","2026",
"Haderslev Kommune","510","Fuldtidsledige pr. 100 17-64/66-årige","2026",
"Haderslev Kommune","510","Indbyggertal 1. januar","2026",
"Haderslev Kommune","510","Socioøkonomisk indeks","2026","1.17"
"Haderslev Kommune","510","Statsgar. udskrivningsgrundlag pr. indb. (fra 2007)","2026",
"Billund Kommune","530","Andel 18+-årige","2026",
"Billund Kommune","530","Andel 18-66-årige","2026",
"Billund Kommune","530","Andel 25-64-årige","2026",
"Billund Kommune","530","Andel 25-64-årige med videregående uddannelse","2026",
"Billund Kommune","530","Andel 25-64-årige uden erhvervsuddannelse","2026",
"Billund Kommune","530","Andel almennyttige boliger","2026",
"Billund Kommune","530","Andel ejerboliger","2026",
"Billund Kommune","530","Andel indpendlere","2026",
"Billund Kommune","530","Andel udpendlere","2026",
"Billund Kommune","530","Befolkningsandel i bymæssig bebyggelse","2026",
"Billund Kommune","530","Befolkningstæthed (indb/km2)","2026",
"Billund Kommune","530","Fuldtidsledige pr. 100 17-64/66-årige","2026",
"Billund Kommune","530","Indbyggertal 1. januar","2026",
"Billund Kommune","530","Socioøkonomisk indeks","2026","1.04"
"Billund Kommune","530","Statsgar. udskrivningsgrundlag pr. indb. (fra 2007)","2026",
"Sønderborg Kommune","540","Andel 18+-årige","2026",
"Sønderborg Kommune","540","Andel 18-66-årige","2026",
"Sønderborg Kommune","540","Andel 25-64-årige","2026",
"Sønderborg Kommune","540","Andel 25-64-årige med videregående uddannelse","2026",
"Sønderborg Kommune","540","Andel 25-64-årige uden erhvervsuddannelse","2026",
"Sønderborg Kommune","540","Andel almennyttige boliger","2026",
"Sønderborg Kommune","540","Andel ejerboliger","2026",
"Sønderborg Kommune","540","Andel indpendlere","2026",
"Sønderborg Kommune","540","Andel udpendlere","2026",
"Sønderborg Kommune","540","Befolkningsandel i bymæssig bebyggelse","2026",
"Sønderborg Kommune","540","Befolkningstæthed (indb/km2)","2026",
"Sønderborg Kommune","540","Fuldtidsledige pr. 100 17-64/66-årige","2026",
"Sønderborg Kommune","540","Indbyggertal 1. januar","2026",
"Sønderborg Kommune","540","Socioøkonomisk indeks","2026","1.13"
"Sønderborg Kommune","540","Statsgar. udskrivningsgrundlag pr. indb. (fra 2007)","2026",
"Tønder Kommune","550","Andel 18+-årige","2026",
"Tønder Kommune","550","Andel 18-66-årige","2026",
"Tønder Kommune","550","Andel 25-64-årige","2026",
"Tønder Kommune","550","Andel 25-64-årige med videregående uddannelse","2026",
"Tønder Kommune","550","Andel 25-64-årige uden erhvervsuddannelse","2026",
"Tønder Kommune","550","Andel almennyttige boliger","2026",
"Tønder Kommune","550","Andel ejerboliger","2026",
"Tønder Kommune","550","Andel indpendlere","2026",
"Tønder Kommune","550","Andel udpendlere","2026",
"Tønder Kommune","550","Befolkningsandel i bymæssig bebyggelse","2026",
"Tønder Kommune","550","Befolkningstæthed (indb/km2)","2026",
"Tønder Kommune","550","Fuldtidsledige pr. 100 17-64/66-årige","2026",
"Tønder Kommune","550","Indbyggertal 1. januar","2026",
"Tønder Kommune","550","Socioøkonomisk indeks","2026","1.18"
"Tønder Kommune","550","Statsgar. udskrivningsgrundlag pr. indb. (fra 2007)","2026",
"Esbjerg Kommune","561","Andel 18+-årige","2026",
"Esbjerg Kommune","561","Andel 18-66-årige","2026",
"Esbjerg Kommune","561","Andel 25-64-årige","2026",
"Esbjerg Kommune","561","Andel 25-64-årige med videregående uddannelse","2026",
"Esbjerg Kommune","561","Andel 25-64-årige uden erhvervsuddannelse","2026",
"Esbjerg Kommune","561","Andel almennyttige boliger","2026",
"Esbjerg Kommune","561","Andel ejerboliger","2026",
"Esbjerg Kommune","561","Andel indpendlere","2026",
"Esbjerg Kommune","561","Andel udpendlere","2026",
"Esbjerg Kommune","561","Befolkningsandel i bymæssig bebyggelse","2026",
"Esbjerg Kommune","561","Befolkningstæthed (indb/km2)","2026",
"Esbjerg Kommune","561","Fuldtidsledige pr. 100 17-64/66-årige","2026",
"Esbjerg Kommune","561","Indbyggertal 1. januar","2026",
"Esbjerg Kommune","561","Socioøkonomisk indeks","2026","1.09"
"Esbjerg Kommune","561","Statsgar. udskrivningsgrundlag pr. indb. (fra 2007)","2026",
"Fanø Kommune","563","Andel 18+-årige","2026",
"Fanø Kommune","563","Andel 18-66-årige","2026",
"Fanø Kommune","563","Andel 25-64-årige","2026",
"Fanø Kommune","563","Andel 25-64-årige med videregående uddannelse","2026",
"Fanø Kommune","563","Andel 25-64-årige uden erhvervsuddannelse","2026",
"Fanø Kommune","563","Andel almennyttige boliger","2026",
"Fanø Kommune","563","Andel ejerboliger","2026",
"Fanø Kommune","563","Andel indpendlere","2026",
"Fanø Kommune","563","Andel udpendlere","2026",
"Fanø Kommune","563","Befolkningsandel i bymæssig bebyggelse","2026",
"Fanø Kommune","563","Befolkningstæthed (indb/km2)","2026",
"Fanø Kommune","563","Fuldtidsledige pr. 100 17-64/66-årige","2026",
"Fanø Kommune","563","Indbyggertal 1. januar","2026",
"Fanø Kommune","563","Socioøkonomisk indeks","2026","0.74"
"Fanø Kommune","563","Statsgar. udskrivningsgrundlag pr. indb. (fra 2007)","2026",
"Varde Kommune","573","Andel 18+-årige","2026",
"Varde Kommune","573","Andel 18-66-årige","2026",
"Varde Kommune","573","Andel 25-64-årige","2026",
"Varde Kommune","573","Andel 25-64-årige med videregående uddannelse","2026",
"Varde Kommune","573","Andel 25-64-årige uden erhvervsuddannelse","2026",
"Varde Kommune","573","Andel almennyttige boliger","2026",
"Varde Kommune","573","Andel ejerboliger","2026",
"Varde Kommune","573","Andel indpendlere","2026",
"Varde Kommune","573","Andel udpendlere","2026",
"Varde Kommune","573","Befolkningsandel i bymæssig bebyggelse","2026",
"Varde Kommune","573","Befolkningstæthed (indb/km2)","2026",
"Varde Kommune","573","Fuldtidsledige pr. 100 17-64/66-årige","2026",
"Varde Kommune","573","Indbyggertal 1. januar","2026",
"Varde Kommune","573","Socioøkonomisk indeks","2026","0.99"
"Varde Kommune","573","Statsgar. udskrivningsgrundlag pr. indb. (fra 2007)","2026",
"Vejen Kommune","575","Andel 18+-årige","2026",
"Vejen Kommune","575","Andel 18-66-årige","2026",
"Vejen Kommune","575","Andel 25-64-årige","2026",
"Vejen Kommune","575","Andel 25-64-årige med videregående uddannelse","2026",
"Vejen Kommune","575","Andel 25-64-årige uden erhvervsuddannelse","2026",
"Vejen Kommune","575","Andel almennyttige boliger","2026",
"Vejen Kommune","575","Andel ejerboliger","2026",
"Vejen Kommune","575","Andel indpendlere","2026",
"Vejen Kommune","575","Andel udpendlere","2026",
"Vejen Kommune","575","Befolkningsandel i bymæssig bebyggelse","2026",
"Vejen Kommune","575","Befolkningstæthed (indb/km2)","2026",
"Vejen Kommune","575","Fuldtidsledige pr. 100 17-64/66-årige","2026",
"Vejen Kommune","575","Indbyggertal 1. januar","2026",
"Vejen Kommune","575","Socioøkonomisk indeks","2026","1.02"
"Vejen Kommune","575","Statsgar. udskrivningsgrundlag pr. indb. (fra 2007)","2026",
"Aabenraa Kommune","580","Andel 18+-årige","2026",
"Aabenraa Kommune","580","Andel 18-66-årige","2026",
"Aabenraa Kommune","580","Andel 25-64-årige","2026",
"Aabenraa Kommune","580","Andel 25-64-årige med videregående uddannelse","2026",
"Aabenraa Kommune","580","Andel 25-64-årige uden erhvervsuddannelse","2026",
"Aabenraa Kommune","580","Andel almennyttige boliger","2026",
"Aabenraa Kommune","580","Andel ejerboliger","2026",
"Aabenraa Kommune","580","Andel indpendlere","2026",
"Aabenraa Kommune","580","Andel udpendlere","2026",
"Aabenraa Kommune","580","Befolkningsandel i bymæssig bebyggelse","2026",
"Aabenraa Kommune","580","Befolkningstæthed (indb/km2)","2026",
"Aabenraa Kommune","580","Fuldtidsledige pr. 100 17-64/66-årige","2026",
"Aabenraa Kommune","580","Indbyggertal 1. januar","2026",
"Aabenraa Kommune","580","Socioøkonomisk indeks","2026","1.12"
"Aabenraa Kommune","580","Statsgar. udskrivningsgrundlag pr. indb. (fra 2007)","2026",
"Fredericia Kommune","607","Andel 18+-årige","2026",
"Fredericia Kommune","607","Andel 18-66-årige","2026",
"Fredericia Kommune","607","Andel 25-64-årige","2026",
"Fredericia Kommune","607","Andel 25-64-årige med videregående uddannelse","2026",
"Fredericia Kommune","607","Andel 25-64-årige uden erhvervsuddannelse","2026",
"Fredericia Kommune","607","Andel almennyttige boliger","2026",
"Fredericia Kommune","607","Andel ejerboliger","2026",
"Fredericia Kommune","607","Andel indpendlere","2026",
"Fredericia Kommune","607","Andel udpendlere","2026",
"Fredericia Kommune","607","Befolkningsandel i bymæssig bebyggelse","2026",
"Fredericia Kommune","607","Befolkningstæthed (indb/km2)","2026",
"Fredericia Kommune","607","Fuldtidsledige pr. 100 17-64/66-årige","2026",
"Fredericia Kommune","607","Indbyggertal 1. januar","2026",
"Fredericia Kommune","607","Socioøkonomisk indeks","2026","1.24"
"Fredericia Kommune","607","Statsgar. udskrivningsgrundlag pr. indb. (fra 2007)","2026",
"Horsens Kommune","615","Andel 18+-årige","2026",
"Horsens Kommune","615","Andel 18-66-årige","2026",
"Horsens Kommune","615","Andel 25-64-årige","2026",
"Horsens Kommune","615","Andel 25-64-årige med videregående uddannelse","2026",
"Horsens Kommune","615","Andel 25-64-årige uden erhvervsuddannelse","2026",
"Horsens Kommune","615","Andel almennyttige boliger","2026",
"Horsens Kommune","615","Andel ejerboliger","2026",
"Horsens Kommune","615","Andel indpendlere","2026",
"Horsens Kommune","615","Andel udpendlere","2026",
"Horsens Kommune","615","Befolkningsandel i bymæssig bebyggelse","2026",
"Horsens Kommune","615","Befolkningstæthed (indb/km2)","2026",
"Horsens Kommune","615","Fuldtidsledige pr. 100 17-64/66-årige","2026",
"Horsens Kommune","615","Indbyggertal 1. januar","2026",
"Horsens Kommune","615","Socioøkonomisk indeks","2026","0.99"
"Horsens Kommune","615","Statsgar. udskrivningsgrundlag pr. indb. (fra 2007)","2026",
"Kolding Kommune","621","Andel 18+-årige","2026",
"Kolding Kommune","621","Andel 18-66-årige","2026",
"Kolding Kommune","621","Andel 25-64-årige","2026",
"Kolding Kommune","621","Andel 25-64-årige med videregående uddannelse","2026",
"Kolding Kommune","621","Andel 25-64-årige uden erhvervsuddannelse","2026",
"Kolding Kommune","621","Andel almennyttige boliger","2026",
"Kolding Kommune","621","Andel ejerboliger","2026",
"Kolding Kommune","621","Andel indpendlere","2026",
"Kolding Kommune","621","Andel udpendlere","2026",
"Kolding Kommune","621","Befolkningsandel i bymæssig bebyggelse","2026",
"Kolding Kommune","621","Befolkningstæthed (indb/km2)","2026",
"Kolding Kommune","621","Fuldtidsledige pr. 100 17-64/66-årige","2026",
"Kolding Kommune","621","Indbyggertal 1. januar","2026",
"Kolding Kommune","621","Socioøkonomisk indeks","2026","1"
"Kolding Kommune","621","Statsgar. udskrivningsgrundlag pr. indb. (fra 2007)","2026",
"Vejle Kommune","630","Andel 18+-årige","2026",
"Vejle Kommune","630","Andel 18-66-årige","2026",
"Vejle Kommune","630","Andel 25-64-årige","2026",
"Vejle Kommune","630","Andel 25-64-årige med videregående uddannelse","2026",
"Vejle Kommune","630","Andel 25-64-årige uden erhvervsuddannelse","2026",
"Vejle Kommune","630","Andel almennyttige boliger","2026",
"Vejle Kommune","630","Andel ejerboliger","2026",
"Vejle Kommune","630","Andel indpendlere","2026",
"Vejle Kommune","630","Andel udpendlere","2026",
"Vejle Kommune","630","Befolkningsandel i bymæssig bebyggelse","2026",
"Vejle Kommune","630","Befolkningstæthed (indb/km2)","2026",
"Vejle Kommune","630","Fuldtidsledige pr. 100 17-64/66-årige","2026",
"Vejle Kommune","630","Indbyggertal 1. januar","2026",
"Vejle Kommune","630","Socioøkonomisk indeks","2026","0.96"
"Vejle Kommune","630","Statsgar. udskrivningsgrundlag pr. indb. (fra 2007)","2026",
"Herning Kommune","657","Andel 18+-årige","2026",
"Herning Kommune","657","Andel 18-66-årige","2026",
"Herning Kommune","657","Andel 25-64-årige","2026",
"Herning Kommune","657","Andel 25-64-årige med videregående uddannelse","2026",
"Herning Kommune","657","Andel 25-64-årige uden erhvervsuddannelse","2026",
"Herning Kommune","657","Andel almennyttige boliger","2026",
"Herning Kommune","657","Andel ejerboliger","2026",
"Herning Kommune","657","Andel indpendlere","2026",
"Herning Kommune","657","Andel udpendlere","2026",
"Herning Kommune","657","Befolkningsandel i bymæssig bebyggelse","2026",
"Herning Kommune","657","Befolkningstæthed (indb/km2)","2026",
"Herning Kommune","657","Fuldtidsledige pr. 100 17-64/66-årige","2026",
"Herning Kommune","657","Indbyggertal 1. januar","2026",
"Herning Kommune","657","Socioøkonomisk indeks","2026","0.91"
"Herning Kommune","657","Statsgar. udskrivningsgrundlag pr. indb. (fra 2007)","2026",
"Holstebro Kommune","661","Andel 18+-årige","2026",
"Holstebro Kommune","661","Andel 18-66-årige","2026",
"Holstebro Kommune","661","Andel 25-64-årige","2026",
"Holstebro Kommune","661","Andel 25-64-årige med videregående uddannelse","2026",
"Holstebro Kommune","661","Andel 25-64-årige uden erhvervsuddannelse","2026",
"Holstebro Kommune","661","Andel almennyttige boliger","2026",
"Holstebro Kommune","661","Andel ejerboliger","2026",
"Holstebro Kommune","661","Andel indpendlere","2026",
"Holstebro Kommune","661","Andel udpendlere","2026",
"Holstebro Kommune","661","Befolkningsandel i bymæssig bebyggelse","2026",
"Holstebro Kommune","661","Befolkningstæthed (indb/km2)","2026",
"Holstebro Kommune","661","Fuldtidsledige pr. 100 17-64/66-årige","2026",
"Holstebro Kommune","661","Indbyggertal 1. januar","2026",
"Holstebro Kommune","661","Socioøkonomisk indeks","2026","0.89"
"Holstebro Kommune","661","Statsgar. udskrivningsgrundlag pr. indb. (fra 2007)","2026",
"Lemvig Kommune","665","Andel 18+-årige","2026",
"Lemvig Kommune","665","Andel 18-66-årige","2026",
"Lemvig Kommune","665","Andel 25-64-årige","2026",
"Lemvig Kommune","665","Andel 25-64-årige med videregående uddannelse","2026",
"Lemvig Kommune","665","Andel 25-64-årige uden erhvervsuddannelse","2026",
"Lemvig Kommune","665","Andel almennyttige boliger","2026",
"Lemvig Kommune","665","Andel ejerboliger","2026",
"Lemvig Kommune","665","Andel indpendlere","2026",
"Lemvig Kommune","665","Andel udpendlere","2026",
"Lemvig Kommune","665","Befolkningsandel i bymæssig bebyggelse","2026",
"Lemvig Kommune","665","Befolkningstæthed (indb/km2)","2026",
"Lemvig Kommune","665","Fuldtidsledige pr. 100 17-64/66-årige","2026",
"Lemvig Kommune","665","Indbyggertal 1. januar","2026",
"Lemvig Kommune","665","Socioøkonomisk indeks","2026","0.94"
"Lemvig Kommune","665","Statsgar. udskrivningsgrundlag pr. indb. (fra 2007)","2026",
"Struer Kommune","671","Andel 18+-årige","2026",
"Struer Kommune","671","Andel 18-66-årige","2026",
"Struer Kommune","671","Andel 25-64-årige","2026",
"Struer Kommune","671","Andel 25-64-årige med videregående uddannelse","2026",
"Struer Kommune","671","Andel 25-64-årige uden erhvervsuddannelse","2026",
"Struer Kommune","671","Andel almennyttige boliger","2026",
"Struer Kommune","671","Andel ejerboliger","2026",
"Struer Kommune","671","Andel indpendlere","2026",
"Struer Kommune","671","Andel udpendlere","2026",
"Struer Kommune","671","Befolkningsandel i bymæssig bebyggelse","2026",
"Struer Kommune","671","Befolkningstæthed (indb/km2)","2026",
"Struer Kommune","671","Fuldtidsledige pr. 100 17-64/66-årige","2026",
"Struer Kommune","671","Indbyggertal 1. januar","2026",
"Struer Kommune","671","Socioøkonomisk indeks","2026","1.06"
"Struer Kommune","671","Statsgar. udskrivningsgrundlag pr. indb. (fra 2007)","2026",
"Syddjurs Kommune","706","Andel 18+-årige","2026",
"Syddjurs Kommune","706","Andel 18-66-årige","2026",
"Syddjurs Kommune","706","Andel 25-64-årige","2026",
"Syddjurs Kommune","706","Andel 25-64-årige med videregående uddannelse","2026",
"Syddjurs Kommune","706","Andel 25-64-årige uden erhvervsuddannelse","2026",
"Syddjurs Kommune","706","Andel almennyttige boliger","2026",
"Syddjurs Kommune","706","Andel ejerboliger","2026",
"Syddjurs Kommune","706","Andel indpendlere","2026",
"Syddjurs Kommune","706","Andel udpendlere","2026",
"Syddjurs Kommune","706","Befolkningsandel i bymæssig bebyggelse","2026",
"Syddjurs Kommune","706","Befolkningstæthed (indb/km2)","2026",
"Syddjurs Kommune","706","Fuldtidsledige pr. 100 17-64/66-årige","2026",
"Syddjurs Kommune","706","Indbyggertal 1. januar","2026",
"Syddjurs Kommune","706","Socioøkonomisk indeks","2026","0.84"
"Syddjurs Kommune","706","Statsgar. udskrivningsgrundlag pr. indb. (fra 2007)","2026",
"Norddjurs Kommune","707","Andel 18+-årige","2026",
"Norddjurs Kommune","707","Andel 18-66-årige","2026",
"Norddjurs Kommune","707","Andel 25-64-årige","2026",
"Norddjurs Kommune","707","Andel 25-64-årige med videregående uddannelse","2026",
"Norddjurs Kommune","707","Andel 25-64-årige uden erhvervsuddannelse","2026",
"Norddjurs Kommune","707","Andel almennyttige boliger","2026",
"Norddjurs Kommune","707","Andel ejerboliger","2026",
"Norddjurs Kommune","707","Andel indpendlere","2026",
"Norddjurs Kommune","707","Andel udpendlere","2026",
"Norddjurs Kommune","707","Befolkningsandel i bymæssig bebyggelse","2026",
"Norddjurs Kommune","707","Befolkningstæthed (indb/km2)","2026",
"Norddjurs Kommune","707","Fuldtidsledige pr. 100 17-64/66-årige","2026",
"Norddjurs Kommune","707","Indbyggertal 1. januar","2026",
"Norddjurs Kommune","707","Socioøkonomisk indeks","2026","1.14"
"Norddjurs Kommune","707","Statsgar. udskrivningsgrundlag pr. indb. (fra 2007)","2026",
"Favrskov Kommune","710","Andel 18+-årige","2026",
"Favrskov Kommune","710","Andel 18-66-årige","2026",
"Favrskov Kommune","710","Andel 25-64-årige","2026",
"Favrskov Kommune","710","Andel 25-64-årige med videregående uddannelse","2026",
"Favrskov Kommune","710","Andel 25-64-årige uden erhvervsuddannelse","2026",
"Favrskov Kommune","710","Andel almennyttige boliger","2026",
"Favrskov Kommune","710","Andel ejerboliger","2026",
"Favrskov Kommune","710","Andel indpendlere","2026",
"Favrskov Kommune","710","Andel udpendlere","2026",
"Favrskov Kommune","710","Befolkningsandel i bymæssig bebyggelse","2026",
"Favrskov Kommune","710","Befolkningstæthed (indb/km2)","2026",
"Favrskov Kommune","710","Fuldtidsledige pr. 100 17-64/66-årige","2026",
"Favrskov Kommune","710","Indbyggertal 1. januar","2026",
"Favrskov Kommune","710","Socioøkonomisk indeks","2026","0.69"
"Favrskov Kommune","710","Statsgar. udskrivningsgrundlag pr. indb. (fra 2007)","2026",
"Odder Kommune","727","Andel 18+-årige","2026",
"Odder Kommune","727","Andel 18-66-årige","2026",
"Odder Kommune","727","Andel 25-64-årige","2026",
"Odder Kommune","727","Andel 25-64-årige med videregående uddannelse","2026",
"Odder Kommune","727","Andel 25-64-årige uden erhvervsuddannelse","2026",
"Odder Kommune","727","Andel almennyttige boliger","2026",
"Odder Kommune","727","Andel ejerboliger","2026",
"Odder Kommune","727","Andel indpendlere","2026",
"Odder Kommune","727","Andel udpendlere","2026",
"Odder Kommune","727","Befolkningsandel i bymæssig bebyggelse","2026",
"Odder Kommune","727","Befolkningstæthed (indb/km2)","2026",
"Odder Kommune","727","Fuldtidsledige pr. 100 17-64/66-årige","2026",
"Odder Kommune","727","Indbyggertal 1. januar","2026",
"Odder Kommune","727","Socioøkonomisk indeks","2026","0.82"
"Odder Kommune","727","Statsgar. udskrivningsgrundlag pr. indb. (fra 2007)","2026",
"Randers Kommune","730","Andel 18+-årige","2026",
"Randers Kommune","730","Andel 18-66-årige","2026",
"Randers Kommune","730","Andel 25-64-årige","2026",
"Randers Kommune","730","Andel 25-64-årige med videregående uddannelse","2026",
"Randers Kommune","730","Andel 25-64-årige uden erhvervsuddannelse","2026",
"Randers Kommune","730","Andel almennyttige boliger","2026",
"Randers Kommune","730","Andel ejerboliger","2026",
"Randers Kommune","730","Andel indpendlere","2026",
"Randers Kommune","730","Andel udpendlere","2026",
"Randers Kommune","730","Befolkningsandel i bymæssig bebyggelse","2026",
"Randers Kommune","730","Befolkningstæthed (indb/km2)","2026",
"Randers Kommune","730","Fuldtidsledige pr. 100 17-64/66-årige","2026",
"Randers Kommune","730","Indbyggertal 1. januar","2026",
"Randers Kommune","730","Socioøkonomisk indeks","2026","1.15"
"Randers Kommune","730","Statsgar. udskrivningsgrundlag pr. indb. (fra 2007)","2026",
"Silkeborg Kommune","740","Andel 18+-årige","2026",
"Silkeborg Kommune","740","Andel 18-66-årige","2026",
"Silkeborg Kommune","740","Andel 25-64-årige","2026",
"Silkeborg Kommune","740","Andel 25-64-årige med videregående uddannelse","2026",
"Silkeborg Kommune","740","Andel 25-64-årige uden erhvervsuddannelse","2026",
"Silkeborg Kommune","740","Andel almennyttige boliger","2026",
"Silkeborg Kommune","740","Andel ejerboliger","2026",
"Silkeborg Kommune","740","Andel indpendlere","2026",
"Silkeborg Kommune","740","Andel udpendlere","2026",
"Silkeborg Kommune","740","Befolkningsandel i bymæssig bebyggelse","2026",
"Silkeborg Kommune","740","Befolkningstæthed (indb/km2)","2026",
"Silkeborg Kommune","740","Fuldtidsledige pr. 100 17-64/66-årige","2026",
"Silkeborg Kommune","740","Indbyggertal 1. januar","2026",
"Silkeborg Kommune","740","Socioøkonomisk indeks","2026","0.81"
"Silkeborg Kommune","740","Statsgar. udskrivningsgrundlag pr. indb. (fra 2007)","2026",
"Samsø Kommune","741","Andel 18+-årige","2026",
"Samsø Kommune","741","Andel 18-66-årige","2026",
"Samsø Kommune","741","Andel 25-64-årige","2026",
"Samsø Kommune","741","Andel 25-64-årige med videregående uddannelse","2026",
"Samsø Kommune","741","Andel 25-64-årige uden erhvervsuddannelse","2026",
"Samsø Kommune","741","Andel almennyttige boliger","2026",
"Samsø Kommune","741","Andel ejerboliger","2026",
"Samsø Kommune","741","Andel indpendlere","2026",
"Samsø Kommune","741","Andel udpendlere","2026",
"Samsø Kommune","741","Befolkningsandel i bymæssig bebyggelse","2026",
"Samsø Kommune","741","Befolkningstæthed (indb/km2)","2026",
"Samsø Kommune","741","Fuldtidsledige pr. 100 17-64/66-årige","2026",
"Samsø Kommune","741","Indbyggertal 1. januar","2026",
"Samsø Kommune","741","Socioøkonomisk indeks","2026","1.01"
"Samsø Kommune","741","Statsgar. udskrivningsgrundlag pr. indb. (fra 2007)","2026",
"Skanderborg Kommune","746","Andel 18+-årige","2026",
"Skanderborg Kommune","746","Andel 18-66-årige","2026",
"Skanderborg Kommune","746","Andel 25-64-årige","2026",
"Skanderborg Kommune","746","Andel 25-64-årige med videregående uddannelse","2026",
"Skanderborg Kommune","746","Andel 25-64-årige uden erhvervsuddannelse","2026",
"Skanderborg Kommune","746","Andel almennyttige boliger","2026",
"Skanderborg Kommune","746","Andel ejerboliger","2026",
"Skanderborg Kommune","746","Andel indpendlere","2026",
"Skanderborg Kommune","746","Andel udpendlere","2026",
"Skanderborg Kommune","746","Befolkningsandel i bymæssig bebyggelse","2026",
"Skanderborg Kommune","746","Befolkningstæthed (indb/km2)","2026",
"Skanderborg Kommune","746","Fuldtidsledige pr. 100 17-64/66-årige","2026",
"Skanderborg Kommune","746","Indbyggertal 1. januar","2026",
"Skanderborg Kommune","746","Socioøkonomisk indeks","2026","0.62"
"Skanderborg Kommune","746","Statsgar. udskrivningsgrundlag pr. indb. (fra 2007)","2026",
"Aarhus Kommune","751","Andel 18+-årige","2026",
"Aarhus Kommune","751","Andel 18-66-årige","2026",
"Aarhus Kommune","751","Andel 25-64-årige","2026",
"Aarhus Kommune","751","Andel 25-64-årige med videregående uddannelse","2026",
"Aarhus Kommune","751","Andel 25-64-årige uden erhvervsuddannelse","2026",
"Aarhus Kommune","751","Andel almennyttige boliger","2026",
"Aarhus Kommune","751","Andel ejerboliger","2026",
"Aarhus Kommune","751","Andel indpendlere","2026",
"Aarhus Kommune","751","Andel udpendlere","2026",
"Aarhus Kommune","751","Befolkningsandel i bymæssig bebyggelse","2026",
"Aarhus Kommune","751","Befolkningstæthed (indb/km2)","2026",
"Aarhus Kommune","751","Fuldtidsledige pr. 100 17-64/66-årige","2026",
"Aarhus Kommune","751","Indbyggertal 1. januar","2026",
"Aarhus Kommune","751","Socioøkonomisk indeks","2026","0.93"
"Aarhus Kommune","751","Statsgar. udskrivningsgrundlag pr. indb. (fra 2007)","2026",
"Ikast-Brande Kommune","756","Andel 18+-årige","2026",
"Ikast-Brande Kommune","756","Andel 18-66-årige","2026",
"Ikast-Brande Kommune","756","Andel 25-64-årige","2026",
"Ikast-Brande Kommune","756","Andel 25-64-årige med videregående uddannelse","2026",
"Ikast-Brande Kommune","756","Andel 25-64-årige uden erhvervsuddannelse","2026",
"Ikast-Brande Kommune","756","Andel almennyttige boliger","2026",
"Ikast-Brande Kommune","756","Andel ejerboliger","2026",
"Ikast-Brande Kommune","756","Andel indpendlere","2026",
"Ikast-Brande Kommune","756","Andel udpendlere","2026",
"Ikast-Brande Kommune","756","Befolkningsandel i bymæssig bebyggelse","2026",
"Ikast-Brande Kommune","756","Befolkningstæthed (indb/km2)","2026",
"Ikast-Brande Kommune","756","Fuldtidsledige pr. 100 17-64/66-årige","2026",
"Ikast-Brande Kommune","756","Indbyggertal 1. januar","2026",
"Ikast-Brande Kommune","756","Socioøkonomisk indeks","2026","0.99"
"Ikast-Brande Kommune","756","Statsgar. udskrivningsgrundlag pr. indb. (fra 2007)","2026",
"Ringkøbing-Skjern Kommune","760","Andel 18+-årige","2026",
"Ringkøbing-Skjern Kommune","760","Andel 18-66-årige","2026",
"Ringkøbing-Skjern Kommune","760","Andel 25-64-årige","2026",
"Ringkøbing-Skjern Kommune","760","Andel 25-64-årige med videregående uddannelse","2026",
"Ringkøbing-Skjern Kommune","760","Andel 25-64-årige uden erhvervsuddannelse","2026",
"Ringkøbing-Skjern Kommune","760","Andel almennyttige boliger","2026",
"Ringkøbing-Skjern Kommune","760","Andel ejerboliger","2026",
"Ringkøbing-Skjern Kommune","760","Andel indpendlere","2026",
"Ringkøbing-Skjern Kommune","760","Andel udpendlere","2026",
"Ringkøbing-Skjern Kommune","760","Befolkningsandel i bymæssig bebyggelse","2026",
"Ringkøbing-Skjern Kommune","760","Befolkningstæthed (indb/km2)","2026",
"Ringkøbing-Skjern Kommune","760","Fuldtidsledige pr. 100 17-64/66-årige","2026",
"Ringkøbing-Skjern Kommune","760","Indbyggertal 1. januar","2026",
"Ringkøbing-Skjern Kommune","760","Socioøkonomisk indeks","2026","0.92"
"Ringkøbing-Skjern Kommune","760","Statsgar. udskrivningsgrundlag pr. indb. (fra 2007)","2026",
"Hedensted Kommune","766","Andel 18+-årige","2026",
"Hedensted Kommune","766","Andel 18-66-årige","2026",
"Hedensted Kommune","766","Andel 25-64-årige","2026",
"Hedensted Kommune","766","Andel 25-64-årige med videregående uddannelse","2026",
"Hedensted Kommune","766","Andel 25-64-årige uden erhvervsuddannelse","2026",
"Hedensted Kommune","766","Andel almennyttige boliger","2026",
"Hedensted Kommune","766","Andel ejerboliger","2026",
"Hedensted Kommune","766","Andel indpendlere","2026",
"Hedensted Kommune","766","Andel udpendlere","2026",
"Hedensted Kommune","766","Befolkningsandel i bymæssig bebyggelse","2026",
"Hedensted Kommune","766","Befolkningstæthed (indb/km2)","2026",
"Hedensted Kommune","766","Fuldtidsledige pr. 100 17-64/66-årige","2026",
"Hedensted Kommune","766","Indbyggertal 1. januar","2026",
"Hedensted Kommune","766","Socioøkonomisk indeks","2026","0.82"
"Hedensted Kommune","766","Statsgar. udskrivningsgrundlag pr. indb. (fra 2007)","2026",
"Morsø Kommune","773","Andel 18+-årige","2026",
"Morsø Kommune","773","Andel 18-66-årige","2026",
"Morsø Kommune","773","Andel 25-64-årige","2026",
"Morsø Kommune","773","Andel 25-64-årige med videregående uddannelse","2026",
"Morsø Kommune","773","Andel 25-64-årige uden erhvervsuddannelse","2026",
"Morsø Kommune","773","Andel almennyttige boliger","2026",
"Morsø Kommune","773","Andel ejerboliger","2026",
"Morsø Kommune","773","Andel indpendlere","2026",
"Morsø Kommune","773","Andel udpendlere","2026",
"Morsø Kommune","773","Befolkningsandel i bymæssig bebyggelse","2026",
"Morsø Kommune","773","Befolkningstæthed (indb/km2)","2026",
"Morsø Kommune","773","Fuldtidsledige pr. 100 17-64/66-årige","2026",
"Morsø Kommune","773","Indbyggertal 1. januar","2026",
"Morsø Kommune","773","Socioøkonomisk indeks","2026","1.14"
"Morsø Kommune","773","Statsgar. udskrivningsgrundlag pr. indb. (fra 2007)","2026",
"Skive Kommune","779","Andel 18+-årige","2026",
"Skive Kommune","779","Andel 18-66-årige","2026",
"Skive Kommune","779","Andel 25-64-årige","2026",
"Skive Kommune","779","Andel 25-64-årige med videregående uddannelse","2026",
"Skive Kommune","779","Andel 25-64-årige uden erhvervsuddannelse","2026",
"Skive Kommune","779","Andel almennyttige boliger","2026",
"Skive Kommune","779","Andel ejerboliger","2026",
"Skive Kommune","779","Andel indpendlere","2026",
"Skive Kommune","779","Andel udpendlere","2026",
"Skive Kommune","779","Befolkningsandel i bymæssig bebyggelse","2026",
"Skive Kommune","779","Befolkningstæthed (indb/km2)","2026",
"Skive Kommune","779","Fuldtidsledige pr. 100 17-64/66-årige","2026",
"Skive Kommune","779","Indbyggertal 1. januar","2026",
"Skive Kommune","779","Socioøkonomisk indeks","2026","1.06"
"Skive Kommune","779","Statsgar. udskrivningsgrundlag pr. indb. (fra 2007)","2026",
"Thisted Kommune","787","Andel 18+-årige","2026",
"Thisted Kommune","787","Andel 18-66-årige","2026",
"Thisted Kommune","787","Andel 25-64-årige","2026",
"Thisted Kommune","787","Andel 25-64-årige med videregående uddannelse","2026",
"Thisted Kommune","787","Andel 25-64-årige uden erhvervsuddannelse","2026",
"Thisted Kommune","787","Andel almennyttige boliger","2026",
"Thisted Kommune","787","Andel ejerboliger","2026",
"Thisted Kommune","787","Andel indpendlere","2026",
"Thisted Kommune","787","Andel udpendlere","2026",
"Thisted Kommune","787","Befolkningsandel i bymæssig bebyggelse","2026",
"Thisted Kommune","787","Befolkningstæthed (indb/km2)","2026",
"Thisted Kommune","787","Fuldtidsledige pr. 100 17-64/66-årige","2026",
"Thisted Kommune","787","Indbyggertal 1. januar","2026",
"Thisted Kommune","787","Socioøkonomisk indeks","2026","1.04"
"Thisted Kommune","787","Statsgar. udskrivningsgrundlag pr. indb. (fra 2007)","2026",
"Viborg Kommune","791","Andel 18+-årige","2026",
"Viborg Kommune","791","Andel 18-66-årige","2026",
"Viborg Kommune","791","Andel 25-64-årige","2026",
"Viborg Kommune","791","Andel 25-64-årige med videregående uddannelse","2026",
"Viborg Kommune","791","Andel 25-64-årige uden erhvervsuddannelse","2026",
"Viborg Kommune","791","Andel almennyttige boliger","2026",
"Viborg Kommune","791","Andel ejerboliger","2026",
"Viborg Kommune","791","Andel indpendlere","2026",
"Viborg Kommune","791","Andel udpendlere","2026",
"Viborg Kommune","791","Befolkningsandel i bymæssig bebyggelse","2026",
"Viborg Kommune","791","Befolkningstæthed (indb/km2)","2026",
"Viborg Kommune","791","Fuldtidsledige pr. 100 17-64/66-årige","2026",
"Viborg Kommune","791","Indbyggertal 1. januar","2026",
"Viborg Kommune","791","Socioøkonomisk indeks","2026","0.96"
"Viborg Kommune","791","Statsgar. udskrivningsgrundlag pr. indb. (fra 2007)","2026",
"Brønderslev Kommune","810","Andel 18+-årige","2026",
"Brønderslev Kommune","810","Andel 18-66-årige","2026",
"Brønderslev Kommune","810","Andel 25-64-årige","2026",
"Brønderslev Kommune","810","Andel 25-64-årige med videregående uddannelse","2026",
"Brønderslev Kommune","810","Andel 25-64-årige uden erhvervsuddannelse","2026",
"Brønderslev Kommune","810","Andel almennyttige boliger","2026",
"Brønderslev Kommune","810","Andel ejerboliger","2026",
"Brønderslev Kommune","810","Andel indpendlere","2026",
"Brønderslev Kommune","810","Andel udpendlere","2026",
"Brønderslev Kommune","810","Befolkningsandel i bymæssig bebyggelse","2026",
"Brønderslev Kommune","810","Befolkningstæthed (indb/km2)","2026",
"Brønderslev Kommune","810","Fuldtidsledige pr. 100 17-64/66-årige","2026",
"Brønderslev Kommune","810","Indbyggertal 1. januar","2026",
"Brønderslev Kommune","810","Socioøkonomisk indeks","2026","1.01"
"Brønderslev Kommune","810","Statsgar. udskrivningsgrundlag pr. indb. (fra 2007)","2026",
"Frederikshavn Kommune","813","Andel 18+-årige","2026",
"Frederikshavn Kommune","813","Andel 18-66-årige","2026",
"Frederikshavn Kommune","813","Andel 25-64-årige","2026",
"Frederikshavn Kommune","813","Andel 25-64-årige med videregående uddannelse","2026",
"Frederikshavn Kommune","813","Andel 25-64-årige uden erhvervsuddannelse","2026",
"Frederikshavn Kommune","813","Andel almennyttige boliger","2026",
"Frederikshavn Kommune","813","Andel ejerboliger","2026",
"Frederikshavn Kommune","813","Andel indpendlere","2026",
"Frederikshavn Kommune","813","Andel udpendlere","2026",
"Frederikshavn Kommune","813","Befolkningsandel i bymæssig bebyggelse","2026",
"Frederikshavn Kommune","813","Befolkningstæthed (indb/km2)","2026",
"Frederikshavn Kommune","813","Fuldtidsledige pr. 100 17-64/66-årige","2026",
"Frederikshavn Kommune","813","Indbyggertal 1. januar","2026",
"Frederikshavn Kommune","813","Socioøkonomisk indeks","2026","1.12"
"Frederikshavn Kommune","813","Statsgar. udskrivningsgrundlag pr. indb. (fra 2007)","2026",
"Vesthimmerlands Kommune","820","Andel 18+-årige","2026",
"Vesthimmerlands Kommune","820","Andel 18-66-årige","2026",
"Vesthimmerlands Kommune","820","Andel 25-64-årige","2026",
"Vesthimmerlands Kommune","820","Andel 25-64-årige med videregående uddannelse","2026",
"Vesthimmerlands Kommune","820","Andel 25-64-årige uden erhvervsuddannelse","2026",
"Vesthimmerlands Kommune","820","Andel almennyttige boliger","2026",
"Vesthimmerlands Kommune","820","Andel ejerboliger","2026",
"Vesthimmerlands Kommune","820","Andel indpendlere","2026",
"Vesthimmerlands Kommune","820","Andel udpendlere","2026",
"Vesthimmerlands Kommune","820","Befolkningsandel i bymæssig bebyggelse","2026",
"Vesthimmerlands Kommune","820","Befolkningstæthed (indb/km2)","2026",
"Vesthimmerlands Kommune","820","Fuldtidsledige pr. 100 17-64/66-årige","2026",
"Vesthimmerlands Kommune","820","Indbyggertal 1. januar","2026",
"Vesthimmerlands Kommune","820","Socioøkonomisk indeks","2026","1.12"
"Vesthimmerlands Kommune","820","Statsgar. udskrivningsgrundlag pr. indb. (fra 2007)","2026",
"Læsø Kommune","825","Andel 18+-årige","2026",
"Læsø Kommune","825","Andel 18-66-årige","2026",
"Læsø Kommune","825","Andel 25-64-årige","2026",
"Læsø Kommune","825","Andel 25-64-årige med videregående uddannelse","2026",
"Læsø Kommune","825","Andel 25-64-årige uden erhvervsuddannelse","2026",
"Læsø Kommune","825","Andel almennyttige boliger","2026",
"Læsø Kommune","825","Andel ejerboliger","2026",
"Læsø Kommune","825","Andel indpendlere","2026",
"Læsø Kommune","825","Andel udpendlere","2026",
"Læsø Kommune","825","Befolkningsandel i bymæssig bebyggelse","2026",
"Læsø Kommune","825","Befolkningstæthed (indb/km2)","2026",
"Læsø Kommune","825","Fuldtidsledige pr. 100 17-64/66-årige","2026",
"Læsø Kommune","825","Indbyggertal 1. januar","2026",
"Læsø Kommune","825","Socioøkonomisk indeks","2026","1.12"
"Læsø Kommune","825","Statsgar. udskrivningsgrundlag pr. indb. (fra 2007)","2026",
"Rebild Kommune","840","Andel 18+-årige","2026",
"Rebild Kommune","840","Andel 18-66-årige","2026",
"Rebild Kommune","840","Andel 25-64-årige","2026",
"Rebild Kommune","840","Andel 25-64-årige med videregående uddannelse","2026",
"Rebild Kommune","840","Andel 25-64-årige uden erhvervsuddannelse","2026",
"Rebild Kommune","840","Andel almennyttige boliger","2026",
"Rebild Kommune","840","Andel ejerboliger","2026",
"Rebild Kommune","840","Andel indpendlere","2026",
"Rebild Kommune","840","Andel udpendlere","2026",
"Rebild Kommune","840","Befolkningsandel i bymæssig bebyggelse","2026",
"Rebild Kommune","840","Befolkningstæthed (indb/km2)","2026",
"Rebild Kommune","840","Fuldtidsledige pr. 100 17-64/66-årige","2026",
"Rebild Kommune","840","Indbyggertal 1. januar","2026",
"Rebild Kommune","840","Socioøkonomisk indeks","2026","0.74"
"Rebild Kommune","840","Statsgar. udskrivningsgrundlag pr. indb. (fra 2007)","2026",
"Mariagerfjord Kommune","846","Andel 18+-årige","2026",
"Mariagerfjord Kommune","846","Andel 18-66-årige","2026",
"Mariagerfjord Kommune","846","Andel 25-64-årige","2026",
"Mariagerfjord Kommune","846","Andel 25-64-årige med videregående uddannelse","2026",
"Mariagerfjord Kommune","846","Andel 25-64-årige uden erhvervsuddannelse","2026",
"Mariagerfjord Kommune","846","Andel almennyttige boliger","2026",
"Mariagerfjord Kommune","846","Andel ejerboliger","2026",
"Mariagerfjord Kommune","846","Andel indpendlere","2026",
"Mariagerfjord Kommune","846","Andel udpendlere","2026",
"Mariagerfjord Kommune","846","Befolkningsandel i bymæssig bebyggelse","2026",
"Mariagerfjord Kommune","846","Befolkningstæthed (indb/km2)","2026",
"Mariagerfjord Kommune","846","Fuldtidsledige pr. 100 17-64/66-årige","2026",
"Mariagerfjord Kommune","846","Indbyggertal 1. januar","2026",
"Mariagerfjord Kommune","846","Socioøkonomisk indeks","2026","1.02"
"Mariagerfjord Kommune","846","Statsgar. udskrivningsgrundlag pr. indb. (fra 2007)","2026",
"Jammerbugt Kommune","849","Andel 18+-årige","2026",
"Jammerbugt Kommune","849","Andel 18-66-årige","2026",
"Jammerbugt Kommune","849","Andel 25-64-årige","2026",
"Jammerbugt Kommune","849","Andel 25-64-årige med videregående uddannelse","2026",
"Jammerbugt Kommune","849","Andel 25-64-årige uden erhvervsuddannelse","2026",
"Jammerbugt Kommune","849","Andel almennyttige boliger","2026",
"Jammerbugt Kommune","849","Andel ejerboliger","2026",
"Jammerbugt Kommune","849","Andel indpendlere","2026",
"Jammerbugt Kommune","849","Andel udpendlere","2026",
"Jammerbugt Kommune","849","Befolkningsandel i bymæssig bebyggelse","2026",
"Jammerbugt Kommune","849","Befolkningstæthed (indb/km2)","2026",
"Jammerbugt Kommune","849","Fuldtidsledige pr. 100 17-64/66-årige","2026",
"Jammerbugt Kommune","849","Indbyggertal 1. januar","2026",
"Jammerbugt Kommune","849","Socioøkonomisk indeks","2026","1"
"Jammerbugt Kommune","849","Statsgar. udskrivningsgrundlag pr. indb. (fra 2007)","2026",
"Aalborg Kommune","851","Andel 18+-årige","2026",
"Aalborg Kommune","851","Andel 18-66-årige","2026",
"Aalborg Kommune","851","Andel 25-64-årige","2026",
"Aalborg Kommune","851","Andel 25-64-årige med videregående uddannelse","2026",
"Aalborg Kommune","851","Andel 25-64-årige uden erhvervsuddannelse","2026",
"Aalborg Kommune","851","Andel almennyttige boliger","2026",
"Aalborg Kommune","851","Andel ejerboliger","2026",
"Aalborg Kommune","851","Andel indpendlere","2026",
"Aalborg Kommune","851","Andel udpendlere","2026",
"Aalborg Kommune","851","Befolkningsandel i bymæssig bebyggelse","2026",
"Aalborg Kommune","851","Befolkningstæthed (indb/km2)","2026",
"Aalborg Kommune","851","Fuldtidsledige pr. 100 17-64/66-årige","2026",
"Aalborg Kommune","851","Indbyggertal 1. januar","2026",
"Aalborg Kommune","851","Socioøkonomisk indeks","2026","0.98"
"Aalborg Kommune","851","Statsgar. udskrivningsgrundlag pr. indb. (fra 2007)","2026",
"Hjørring Kommune","860","Andel 18+-årige","2026",
"Hjørring Kommune","860","Andel 18-66-årige","2026",
"Hjørring Kommune","860","Andel 25-64-årige","2026",
"Hjørring Kommune","860","Andel 25-64-årige med videregående uddannelse","2026",
"Hjørring Kommune","860","Andel 25-64-årige uden erhvervsuddannelse","2026",
"Hjørring Kommune","860","Andel almennyttige boliger","2026",
"Hjørring Kommune","860","Andel ejerboliger","2026",
"Hjørring Kommune","860","Andel indpendlere","2026",
"Hjørring Kommune","860","Andel udpendlere","2026",
"Hjørring Kommune","860","Befolkningsandel i bymæssig bebyggelse","2026",
"Hjørring Kommune","860","Befolkningstæthed (indb/km2)","2026",
"Hjørring Kommune","860","Fuldtidsledige pr. 100 17-64/66-årige","2026",
"Hjørring Kommune","860","Indbyggertal 1. januar","2026",
"Hjørring Kommune","860","Socioøkonomisk indeks","2026","1.04"
"Hjørring Kommune","860","Statsgar. udskrivningsgrundlag pr. indb. (fra 2007)","2026",
